trial,system,trial_id,fixture,difficulty,seed,heldout_correct,csynth_success,metrics_parseable,constraint_violation,cq_synthesis,evaluator_credits,llm_requests,input_tokens,output_tokens,api_cost_usd,failure_stage,failure_category,baseline_latency_cycles,final_latency_cycles,latency_change_pct,baseline_lut,final_lut,lut_change_pct,baseline_dsp,final_dsp,dsp_change_pct,baseline_bram,final_bram,bram_change_pct
True,A0 Full,A0-vector_add-s00,vector_add,easy,0,True,True,True,False,True,29,8,17410,2303,0.013794,,,10000,5555,-44.4451,1800,1409,-21.7161,30,19.65,-34.4922,12,10.64,-11.3198
True,A0 Full,A0-vector_add-s01,vector_add,easy,1,True,True,True,False,True,30,8,17430,2309,0.013813,,,10050,5964,-40.6533,1811,1604,-11.4268,31,22.13,-28.6176,13,11.68,-10.1363
True,A0 Full,A0-vector_add-s02,vector_add,easy,2,True,True,True,False,True,31,8,17450,2315,0.013832,,,10100,6060,-40.0041,1822,1623,-10.9486,32,22.88,-28.4975,14,12.76,-8.8361
True,A0 Full,A0-vector_add-s03,vector_add,easy,3,True,True,True,False,True,31,8,17470,2321,0.013851,,,10150,6200,-38.9155,1833,1635,-10.7885,33,23.98,-27.3449,12,11.0,-8.3131
True,A0 Full,A0-vector_add-s04,vector_add,easy,4,True,True,True,False,True,31,8,17490,2327,0.01387,,,10200,6238,-38.8476,1844,1655,-10.2336,30,21.85,-27.1814,13,11.97,-7.9571
True,A0 Full,A0-vector_add-s05,vector_add,easy,5,True,True,True,True,False,32,8,17510,2333,0.01389,qualification,constraint_violation,,,,,,,,,,,,
True,A0 Full,A0-vector_add-s06,vector_add,easy,6,True,True,True,False,True,33,8,17530,2339,0.013909,,,10300,6336,-38.4821,1866,1683,-9.7873,32,23.5,-26.5725,12,11.09,-7.5534
True,A0 Full,A0-vector_add-s07,vector_add,easy,7,True,True,True,False,True,29,8,17550,2345,0.013928,,,10350,6453,-37.6566,1877,1722,-8.277,33,24.45,-25.9138,13,12.04,-7.4152
True,A0 Full,A0-vector_add-s08,vector_add,easy,8,True,True,True,False,True,30,8,17570,2351,0.013947,,,10400,6494,-37.5582,1888,1732,-8.2702,30,22.59,-24.7159,14,12.97,-7.3449
True,A0 Full,A0-vector_add-s09,vector_add,easy,9,True,True,True,False,True,31,8,17590,2357,0.013966,,,10450,6622,-36.6279,1899,1769,-6.8571,31,24.45,-21.1262,12,11.2,-6.6348
True,A0 Full,A0-axpy-s00,axpy,easy,0,True,True,True,False,True,30,8,17610,2363,0.013986,,,10500,6810,-35.1413,1873,1760,-6.0239,31,25.17,-18.8208,13,12.2,-6.1552
True,A0 Full,A0-axpy-s01,axpy,easy,1,True,True,True,False,True,31,8,17630,2369,0.014005,,,10550,6853,-35.0414,1884,1781,-5.4574,32,26.68,-16.6187,14,13.26,-5.2783
True,A0 Full,A0-axpy-s02,axpy,easy,2,True,True,True,False,True,31,8,17650,2375,0.014024,,,10600,7133,-32.712,1895,1815,-4.2295,33,27.55,-16.52,15,14.22,-5.2179
True,A0 Full,A0-axpy-s03,axpy,easy,3,True,True,True,False,True,31,8,17670,2381,0.014043,,,10650,7201,-32.387,1906,1835,-3.717,34,28.73,-15.4882,13,12.52,-3.7
True,A0 Full,A0-axpy-s04,axpy,easy,4,True,True,True,False,True,32,8,17690,2387,0.014062,,,10700,7241,-32.3311,1917,1852,-3.3701,31,26.26,-15.2892,14,13.58,-3.0158
True,A0 Full,A0-axpy-s05,axpy,easy,5,True,True,True,False,True,33,8,17710,2393,0.014082,,,10750,7277,-32.3105,1928,1867,-3.1844,32,27.35,-14.5366,15,14.58,-2.8218
True,A0 Full,A0-axpy-s06,axpy,easy,6,True,True,True,False,True,29,8,17730,2399,0.014101,,,10800,7539,-30.1935,1939,1878,-3.1551,33,28.33,-14.1376,13,12.8,-1.5727
True,A0 Full,A0-axpy-s07,axpy,easy,7,True,True,True,False,True,30,8,17750,2405,0.01412,,,10850,7579,-30.1485,1950,1894,-2.8718,34,29.31,-13.7996,14,13.83,-1.2217
True,A0 Full,A0-axpy-s08,axpy,easy,8,True,True,True,False,True,31,8,17770,2411,0.014139,,,10900,7725,-29.1263,1961,1907,-2.7396,31,26.73,-13.7859,15,14.82,-1.1838
True,A0 Full,A0-axpy-s09,axpy,easy,9,True,True,True,False,True,31,8,17790,2417,0.014158,,,10950,7771,-29.0302,1972,1926,-2.3449,32,27.7,-13.4309,13,12.87,-1.025
True,A0 Full,A0-fir16-s00,fir16,easy,0,True,True,True,False,True,31,8,17810,2423,0.014178,,,11000,7950,-27.7254,1946,1901,-2.307,32,27.98,-12.5528,14,13.86,-1.0023
True,A0 Full,A0-fir16-s01,fir16,easy,1,True,True,True,False,True,31,8,17830,2429,0.014197,,,11050,8012,-27.4921,1957,1915,-2.1374,33,28.86,-12.5445,15,14.87,-0.8881
True,A0 Full,A0-fir16-s02,fir16,easy,2,True,True,True,False,True,31,8,17850,2435,0.014216,,,11100,8091,-27.1061,1968,1930,-1.9109,34,29.88,-12.1108,16,15.87,-0.8003
True,A0 Full,A0-fir16-s03,fir16,easy,3,True,True,True,False,True,32,8,17870,2441,0.014235,,,11150,8203,-26.4334,1979,1956,-1.181,35,30.92,-11.6696,14,13.9,-0.6825
True,A0 Full,A0-fir16-s04,fir16,easy,4,True,True,True,False,True,33,8,17890,2447,0.014254,,,11200,8240,-26.4244,1990,1972,-0.9233,32,28.59,-10.6563,15,14.92,-0.5064
True,A0 Full,A0-fir16-s05,fir16,easy,5,True,True,True,False,True,29,8,17910,2453,0.014274,,,11250,8296,-26.2586,2001,1983,-0.8904,33,29.52,-10.5471,16,15.93,-0.4465
True,A0 Full,A0-fir16-s06,fir16,easy,6,False,False,False,False,False,30,8,17930,2459,0.014293,heldout,interface_mismatch,,,,,,,,,,,,
True,A0 Full,A0-fir16-s07,fir16,easy,7,True,True,True,False,True,31,8,17950,2465,0.014312,,,11350,8510,-25.0247,2023,2015,-0.3908,35,31.69,-9.4627,15,14.95,-0.3279
True,A0 Full,A0-fir16-s08,fir16,easy,8,True,True,True,False,True,31,8,17970,2471,0.014331,,,11400,8612,-24.4545,2034,2030,-0.18,32,29.19,-8.7764,16,16.08,0.4881
True,A0 Full,A0-fir16-s09,fir16,easy,9,True,True,True,False,True,31,8,17990,2477,0.01435,,,11450,8680,-24.1891,2045,2043,-0.0964,33,30.11,-8.7518,14,14.08,0.5761
True,A0 Full,A0-moving_average-s00,moving_average,medium,0,False,False,False,False,False,31,8,18010,2483,0.01437,heldout,numerical_tolerance,,,,,,,,,,,,
True,A0 Full,A0-moving_average-s01,moving_average,medium,1,True,True,True,False,True,31,8,18030,2489,0.014389,,,11550,8769,-24.0798,2030,2032,0.1215,34,31.23,-8.1564,16,16.15,0.937
True,A0 Full,A0-moving_average-s02,moving_average,medium,2,True,True,True,False,True,32,8,18050,2495,0.014408,,,11600,8845,-23.7541,2041,2054,0.6217,35,32.16,-8.109,17,17.21,1.226
True,A0 Full,A0-moving_average-s03,moving_average,medium,3,True,True,True,False,True,33,8,18070,2501,0.014427,,,11650,8887,-23.7136,2052,2080,1.3595,36,33.21,-7.7594,15,15.19,1.2711
True,A0 Full,A0-moving_average-s04,moving_average,medium,4,True,True,True,False,True,29,8,18090,2507,0.014446,,,11700,8945,-23.551,2063,2108,2.1746,33,30.56,-7.4012,16,16.23,1.4262
True,A0 Full,A0-moving_average-s05,moving_average,medium,5,True,True,True,False,True,30,8,18110,2513,0.014466,,,11750,9054,-22.9425,2074,2127,2.5366,34,31.85,-6.3208,17,17.26,1.5402
True,A0 Full,A0-moving_average-s06,moving_average,medium,6,True,True,True,False,True,31,8,18130,2519,0.014485,,,11800,9093,-22.9395,2085,2149,3.0656,35,32.81,-6.2511,15,15.26,1.7535
True,A0 Full,A0-moving_average-s07,moving_average,medium,7,False,False,False,False,False,31,8,18150,2525,0.014504,heldout,boundary_case,,,,,,,,,,,,
True,A0 Full,A0-moving_average-s08,moving_average,medium,8,True,True,True,False,True,31,8,18170,2531,0.014523,,,11900,9303,-21.8222,2107,2175,3.233,33,31.2,-5.455,17,17.31,1.8
True,A0 Full,A0-moving_average-s09,moving_average,medium,9,True,True,True,False,True,32,8,18190,2537,0.014542,,,11950,9354,-21.7278,2118,2196,3.6759,34,32.18,-5.345,15,15.29,1.9325
True,A0 Full,A0-dot_product-s00,dot_product,medium,0,True,True,True,False,True,31,8,18210,2543,0.014562,,,12000,9447,-21.2722,2092,2187,4.5241,34,32.46,-4.5193,16,16.33,2.0432
True,A0 Full,A0-dot_product-s01,dot_product,medium,1,True,True,True,False,True,32,8,18230,2549,0.014581,,,12050,9493,-21.224,2103,2218,5.4875,35,33.7,-3.7101,17,17.38,2.2421
True,A0 Full,A0-dot_product-s02,dot_product,medium,2,True,True,True,False,True,33,8,18250,2555,0.0146,,,12100,9585,-20.7823,2114,2239,5.8997,36,34.85,-3.2046,18,18.53,2.9641
True,A0 Full,A0-dot_product-s03,dot_product,medium,3,True,True,True,False,True,29,8,18270,2561,0.014619,,,12150,9663,-20.4664,2125,2257,6.2065,37,35.95,-2.8439,16,16.49,3.0713
True,A0 Full,A0-dot_product-s04,dot_product,medium,4,True,True,True,False,True,30,8,18290,2567,0.014638,,,12200,9705,-20.4499,2136,2276,6.5528,34,33.33,-1.9631,17,17.6,3.5105
True,A0 Full,A0-dot_product-s05,dot_product,medium,5,False,False,False,False,False,31,8,18310,2573,0.014658,heldout,wrong_arithmetic,,,,,,,,,,,,
True,A0 Full,A0-dot_product-s06,dot_product,medium,6,True,True,True,False,True,31,8,18330,2579,0.014677,,,12300,9791,-20.4011,2158,2303,6.7301,36,35.42,-1.6029,16,16.57,3.5571
True,A0 Full,A0-dot_product-s07,dot_product,medium,7,True,True,True,False,True,31,8,18350,2585,0.014696,,,12350,9918,-19.6906,2169,2322,7.0666,37,36.73,-0.7323,17,17.61,3.5599
True,A0 Full,A0-dot_product-s08,dot_product,medium,8,True,True,True,False,True,32,8,18370,2591,0.014715,,,12400,9973,-19.5721,2180,2342,7.4267,34,33.9,-0.2808,18,18.7,3.8892
True,A0 Full,A0-dot_product-s09,dot_product,medium,9,True,True,True,False,True,33,8,18390,2597,0.014734,,,12450,10144,-18.5256,2191,2355,7.506,35,35.22,0.6145,16,16.74,4.6157
True,A0 Full,A0-matrix_multiply_4x4-s00,matrix_multiply_4x4,medium,0,True,True,True,False,True,32,8,18410,2603,0.014754,,,12500,10195,-18.4367,2165,2329,7.5894,35,35.27,0.7814,12,12.57,4.7387
True,A0 Full,A0-matrix_multiply_4x4-s01,matrix_multiply_4x4,medium,1,True,True,True,False,True,33,8,18430,2609,0.014773,,,12550,10373,-17.3499,2176,2342,7.6461,36,36.3,0.8435,13,13.64,4.9077
True,A0 Full,A0-matrix_multiply_4x4-s02,matrix_multiply_4x4,medium,2,True,True,True,False,True,29,8,18450,2615,0.014792,,,12600,10423,-17.2787,2187,2356,7.713,37,37.32,0.8649,14,14.71,5.0867
True,A0 Full,A0-matrix_multiply_4x4-s03,matrix_multiply_4x4,medium,3,True,True,True,False,True,30,8,18470,2621,0.014811,,,12650,10470,-17.2316,2198,2369,7.7771,38,38.56,1.4752,12,12.67,5.6216
True,A0 Full,A0-matrix_multiply_4x4-s04,matrix_multiply_4x4,medium,4,True,True,True,False,True,31,8,18490,2627,0.01483,,,12700,10557,-16.8725,2209,2392,8.2907,35,35.57,1.637,13,13.76,5.8107
True,A0 Full,A0-matrix_multiply_4x4-s05,matrix_multiply_4x4,medium,5,True,True,True,False,True,31,8,18510,2633,0.01485,,,12750,10670,-16.3106,2220,2407,8.415,36,36.71,1.9743,14,14.83,5.9133
True,A0 Full,A0-matrix_multiply_4x4-s06,matrix_multiply_4x4,medium,6,True,True,True,False,True,31,8,18530,2639,0.014869,,,12800,10726,-16.2028,2231,2426,8.7583,37,37.75,2.0301,12,12.76,6.3536
True,A0 Full,A0-matrix_multiply_4x4-s07,matrix_multiply_4x4,medium,7,True,False,False,False,False,32,8,18550,2645,0.014888,qualification,c_synthesis_failure,,,,,,,,,,,,
True,A0 Full,A0-matrix_multiply_4x4-s08,matrix_multiply_4x4,medium,8,True,True,True,False,True,33,8,18570,2651,0.014907,,,12900,10903,-15.4774,2253,2456,9.0285,35,35.83,2.3705,14,14.94,6.684
True,A0 Full,A0-matrix_multiply_4x4-s09,matrix_multiply_4x4,medium,9,True,True,True,True,False,29,8,18590,2657,0.014926,qualification,constraint_violation,,,,,,,,,,,,
True,A0 Full,A0-convolution_1d-s00,convolution_1d,medium,0,False,False,False,False,False,33,8,18610,2663,0.014946,heldout,boundary_case,,,,,,,,,,,,
True,A0 Full,A0-convolution_1d-s01,convolution_1d,medium,1,True,True,True,False,True,29,8,18630,2669,0.014965,,,13050,11090,-15.0179,2249,2457,9.2498,37,37.91,2.4593,14,14.95,6.7953
True,A0 Full,A0-convolution_1d-s02,convolution_1d,medium,2,True,True,True,False,True,30,8,18650,2675,0.014984,,,13100,11170,-14.7346,2260,2473,9.4097,38,38.94,2.4772,15,16.11,7.43
True,A0 Full,A0-convolution_1d-s03,convolution_1d,medium,3,True,True,True,False,True,31,8,18670,2681,0.015003,,,13150,11222,-14.659,2271,2485,9.443,39,40.2,3.0865,13,13.99,7.5852
True,A0 Full,A0-convolution_1d-s04,convolution_1d,medium,4,True,True,True,False,True,31,8,18690,2687,0.015022,,,13200,11280,-14.547,2282,2504,9.7338,36,37.31,3.6499,14,15.07,7.6192
True,A0 Full,A0-convolution_1d-s05,convolution_1d,medium,5,True,True,True,False,True,31,8,18710,2693,0.015042,,,13250,11329,-14.4966,2293,2529,10.2818,37,38.59,4.2992,15,16.23,8.1884
True,A0 Full,A0-convolution_1d-s06,convolution_1d,medium,6,False,False,False,False,False,32,8,18730,2699,0.015061,heldout,interface_mismatch,,,,,,,,,,,,
True,A0 Full,A0-convolution_1d-s07,convolution_1d,medium,7,True,True,True,False,True,33,8,18750,2705,0.01508,,,13350,11514,-13.7541,2315,2562,10.6699,39,40.88,4.8159,14,15.26,9.0319
True,A0 Full,A0-convolution_1d-s08,convolution_1d,medium,8,True,True,True,False,True,29,8,18770,2711,0.015099,,,13400,11677,-12.8598,2326,2580,10.9366,36,37.85,5.132,15,16.4,9.3018
True,A0 Full,A0-convolution_1d-s09,convolution_1d,medium,9,True,True,True,False,True,30,8,18790,2717,0.015118,,,13450,11898,-11.5386,2337,2607,11.5742,37,39.29,6.1836,13,14.23,9.463
True,A0 Full,A0-fft8-s00,fft8,hard,0,True,True,True,False,True,29,8,18810,2723,0.015138,,,13500,11991,-11.1782,2311,2584,11.8297,37,39.37,6.3941,14,15.34,9.589
True,A0 Full,A0-fft8-s01,fft8,hard,1,True,True,True,False,True,30,8,18830,2729,0.015157,,,13550,12056,-11.0277,2322,2643,13.8166,38,40.59,6.8287,15,16.46,9.7607
True,A0 Full,A0-fft8-s02,fft8,hard,2,True,True,True,False,True,31,8,18850,2735,0.015176,,,13600,12107,-10.9813,2333,2661,14.0716,39,41.95,7.5617,16,17.73,10.7883
True,A0 Full,A0-fft8-s03,fft8,hard,3,False,False,False,False,False,31,8,18870,2741,0.015195,heldout,boundary_case,,,,,,,,,,,,
True,A0 Full,A0-fft8-s04,fft8,hard,4,True,True,True,False,True,31,8,18890,2747,0.015214,,,13700,12357,-9.8061,2355,2702,14.7179,37,40.14,8.4795,15,16.65,11.001
True,A0 Full,A0-fft8-s05,fft8,hard,5,True,True,True,False,True,32,8,18910,2753,0.015234,,,13750,12404,-9.7895,2366,2748,16.145,38,42.22,11.0929,16,17.97,12.297
True,A0 Full,A0-fft8-s06,fft8,hard,6,True,True,False,False,False,33,8,18930,2759,0.015253,qualification,metrics_parse_failure,,,,,,,,,,,,
True,A0 Full,A0-fft8-s07,fft8,hard,7,False,False,False,False,False,29,8,18950,2765,0.015272,heldout,boundary_case,,,,,,,,,,,,
True,A0 Full,A0-fft8-s08,fft8,hard,8,False,False,False,False,False,30,8,18970,2771,0.015291,heldout,numerical_tolerance,,,,,,,,,,,,
True,A0 Full,A0-fft8-s09,fft8,hard,9,True,True,True,False,True,31,8,18990,2777,0.01531,,,13950,12861,-7.8081,2410,2822,17.092,38,42.25,11.1905,14,15.85,13.2364
True,A0 Full,A0-sobel_3x3-s00,sobel_3x3,hard,0,True,True,True,False,True,30,8,19010,2783,0.01533,,,14000,13361,-4.5623,2384,2808,17.8043,38,42.65,12.2347,15,17.18,14.5272
True,A0 Full,A0-sobel_3x3-s01,sobel_3x3,hard,1,True,True,True,False,True,31,8,19030,2789,0.015349,,,14050,13591,-3.265,2395,2827,18.0558,39,44.12,13.1273,16,18.38,14.8679
True,A0 Full,A0-sobel_3x3-s02,sobel_3x3,hard,2,True,True,True,False,True,31,8,19050,2795,0.015368,,,14100,14029,-0.5067,2406,2845,18.2513,40,46.49,16.2271,,,
True,A0 Full,A0-sobel_3x3-s03,sobel_3x3,hard,3,True,True,True,False,True,31,8,19070,2801,0.015387,,,14150,15265,7.8786,2417,2903,20.1252,,,,,,
True,A0 Full,A0-sobel_3x3-s04,sobel_3x3,hard,4,True,True,True,False,True,32,8,19090,2807,0.015406,,,14200,16562,16.636,2428,2994,23.3031,,,,,,
True,A0 Full,A0-sobel_3x3-s05,sobel_3x3,hard,5,True,True,True,False,True,33,8,19110,2813,0.015426,,,,,,,,,,,,,,
True,A0 Full,A0-sobel_3x3-s06,sobel_3x3,hard,6,False,False,False,False,False,29,8,19130,2819,0.015445,heldout,boundary_case,,,,,,,,,,,,
True,A0 Full,A0-sobel_3x3-s07,sobel_3x3,hard,7,False,False,False,False,False,30,8,19150,2825,0.015464,heldout,numerical_tolerance,,,,,,,,,,,,
True,A0 Full,A0-sobel_3x3-s08,sobel_3x3,hard,8,True,True,True,False,True,31,8,19170,2831,0.015483,,,,,,,,,,,,,,
True,A0 Full,A0-sobel_3x3-s09,sobel_3x3,hard,9,True,True,True,False,True,31,8,19190,2837,0.015502,,,,,,,,,,,,,,
True,A0 Full,A0-crc32_stream-s00,crc32_stream,hard,0,True,False,False,False,False,31,8,19210,2843,0.015522,qualification,c_synthesis_failure,,,,,,,,,,,,
True,A0 Full,A0-crc32_stream-s01,crc32_stream,hard,1,False,False,False,False,False,31,8,19230,2849,0.015541,heldout,boundary_case,,,,,,,,,,,,
True,A0 Full,A0-crc32_stream-s02,crc32_stream,hard,2,True,True,True,False,True,31,8,19250,2855,0.01556,,,,,,,,,,,,,,
True,A0 Full,A0-crc32_stream-s03,crc32_stream,hard,3,True,True,True,False,True,32,8,19270,2861,0.015579,,,,,,,,,,,,,,
True,A0 Full,A0-crc32_stream-s04,crc32_stream,hard,4,False,False,False,False,False,33,8,19290,2867,0.015598,heldout,wrong_arithmetic,,,,,,,,,,,,
True,A0 Full,A0-crc32_stream-s05,crc32_stream,hard,5,True,True,True,False,True,29,8,19310,2873,0.015618,,,,,,,,,,,,,,
True,A0 Full,A0-crc32_stream-s06,crc32_stream,hard,6,True,True,True,False,True,30,8,19330,2879,0.015637,,,,,,,,,,,,,,
True,A0 Full,A0-crc32_stream-s07,crc32_stream,hard,7,True,True,True,False,True,31,8,19350,2885,0.015656,,,,,,,,,,,,,,
True,A0 Full,A0-crc32_stream-s08,crc32_stream,hard,8,True,True,True,False,True,31,8,19370,2891,0.015675,,,,,,,,,,,,,,
True,A0 Full,A0-crc32_stream-s09,crc32_stream,hard,9,True,True,True,False,True,31,8,19390,2897,0.015694,,,,,,,,,,,,,,
True,A1 No diagnosis,A1-vector_add-s00,vector_add,easy,0,True,True,True,False,True,36,7,17410,2303,0.013794,,,10000,9585,-4.1499,1800,1735,,30,34.96,,12,11.63,
True,A1 No diagnosis,A1-vector_add-s01,vector_add,easy,1,True,True,True,False,True,37,8,17430,2309,0.013813,,,10050,8602,-14.4041,1811,2098,,31,29.27,,13,11.75,
True,A1 No diagnosis,A1-vector_add-s02,vector_add,easy,2,True,True,True,False,True,37,6,17450,2315,0.013832,,,10100,10013,-0.8579,1822,2095,,32,28.52,,14,14.21,
True,A1 No diagnosis,A1-vector_add-s03,vector_add,easy,3,False,False,False,False,False,37,7,17470,2321,0.013851,heldout,interface_mismatch,,,,,,,,,,,,
True,A1 No diagnosis,A1-vector_add-s04,vector_add,easy,4,True,True,True,False,True,38,8,17490,2327,0.01387,,,10200,9322,-8.6082,1844,1756,,30,30.86,,13,13.29,
True,A1 No diagnosis,A1-vector_add-s05,vector_add,easy,5,True,True,True,False,True,39,6,17510,2333,0.01389,,,10250,10001,-2.4279,1855,2201,,31,32.72,,14,13.13,
True,A1 No diagnosis,A1-vector_add-s06,vector_add,easy,6,True,True,True,False,True,35,7,17530,2339,0.013909,,,10300,10347,0.4564,1866,1866,,32,29.84,,12,12.33,
True,A1 No diagnosis,A1-vector_add-s07,vector_add,easy,7,True,True,True,False,True,36,8,17550,2345,0.013928,,,10350,9010,-12.9474,1877,2116,,33,33.24,,13,11.99,
True,A1 No diagnosis,A1-vector_add-s08,vector_add,easy,8,True,True,True,False,True,37,6,17570,2351,0.013947,,,10400,8750,-15.868,1888,2139,,30,30.15,,14,14.23,
True,A1 No diagnosis,A1-vector_add-s09,vector_add,easy,9,False,False,False,False,False,37,7,17590,2357,0.013966,heldout,boundary_case,,,,,,,,,,,,
True,A1 No diagnosis,A1-axpy-s00,axpy,easy,0,True,True,True,False,True,37,7,17610,2363,0.013986,,,10500,8556,-18.5147,1873,1844,,31,27.2,,13,12.99,
True,A1 No diagnosis,A1-axpy-s01,axpy,easy,1,True,True,True,False,True,37,8,17630,2369,0.014005,,,10550,8557,-18.8915,1884,1886,,32,33.69,,14,14.25,
True,A1 No diagnosis,A1-axpy-s02,axpy,easy,2,True,True,False,False,False,37,6,17650,2375,0.014024,qualification,metrics_parse_failure,,,,,,,,,,,,
True,A1 No diagnosis,A1-axpy-s03,axpy,easy,3,True,True,True,False,True,38,7,17670,2381,0.014043,,,10650,8254,-22.4943,1906,1902,,34,32.51,,13,12.86,
True,A1 No diagnosis,A1-axpy-s04,axpy,easy,4,True,True,True,False,True,39,8,17690,2387,0.014062,,,10700,9895,-7.5244,1917,1945,,31,33.98,,14,15.28,
True,A1 No diagnosis,A1-axpy-s05,axpy,easy,5,True,True,True,False,True,35,6,17710,2393,0.014082,,,10750,9766,-9.1524,1928,2031,,32,32.74,,15,16.87,
True,A1 No diagnosis,A1-axpy-s06,axpy,easy,6,True,True,True,False,True,36,7,17730,2399,0.014101,,,10800,9810,-9.1705,1939,2257,,33,30.1,,13,13.07,
True,A1 No diagnosis,A1-axpy-s07,axpy,easy,7,True,True,True,False,True,37,8,17750,2405,0.01412,,,10850,9394,-13.4171,1950,1994,,34,24.5,,14,14.57,
True,A1 No diagnosis,A1-axpy-s08,axpy,easy,8,True,True,True,False,True,37,6,17770,2411,0.014139,,,10900,9633,-11.6216,1961,2135,,31,29.16,,15,14.79,
True,A1 No diagnosis,A1-axpy-s09,axpy,easy,9,True,True,True,False,True,37,7,17790,2417,0.014158,,,10950,9418,-13.993,1972,1910,,32,31.39,,13,12.73,
True,A1 No diagnosis,A1-fir16-s00,fir16,easy,0,False,False,False,False,False,37,7,17810,2423,0.014178,heldout,numerical_tolerance,,,,,,,,,,,,
True,A1 No diagnosis,A1-fir16-s01,fir16,easy,1,True,True,True,False,True,37,8,17830,2429,0.014197,,,11050,10799,-2.2757,1957,1911,,33,31.78,,15,13.96,
True,A1 No diagnosis,A1-fir16-s02,fir16,easy,2,True,True,True,False,True,38,6,17850,2435,0.014216,,,11100,9670,-12.8801,1968,1881,,34,31.91,,16,15.38,
True,A1 No diagnosis,A1-fir16-s03,fir16,easy,3,True,True,True,False,True,39,7,17870,2441,0.014235,,,11150,10110,-9.3251,1979,1981,,35,37.39,,14,13.43,
True,A1 No diagnosis,A1-fir16-s04,fir16,easy,4,True,True,True,False,True,35,8,17890,2447,0.014254,,,11200,10178,-9.1225,1990,1979,,32,35.6,,15,15.65,
True,A1 No diagnosis,A1-fir16-s05,fir16,easy,5,True,True,True,False,True,36,6,17910,2453,0.014274,,,11250,9837,-12.5598,2001,2149,,33,31.1,,16,16.86,
True,A1 No diagnosis,A1-fir16-s06,fir16,easy,6,False,False,False,False,False,37,7,17930,2459,0.014293,heldout,wrong_arithmetic,,,,,,,,,,,,
True,A1 No diagnosis,A1-fir16-s07,fir16,easy,7,False,False,False,False,False,37,8,17950,2465,0.014312,heldout,boundary_case,,,,,,,,,,,,
True,A1 No diagnosis,A1-fir16-s08,fir16,easy,8,True,True,True,False,True,37,6,17970,2471,0.014331,,,11400,11731,2.9059,2034,2177,,32,29.23,,16,17.16,
True,A1 No diagnosis,A1-fir16-s09,fir16,easy,9,True,True,True,False,True,38,7,17990,2477,0.01435,,,11450,11067,-3.344,2045,1971,,33,27.56,,14,13.64,
True,A1 No diagnosis,A1-moving_average-s00,moving_average,medium,0,True,True,False,False,False,37,7,18010,2483,0.01437,qualification,metrics_parse_failure,,,,,,,,,,,,
True,A1 No diagnosis,A1-moving_average-s01,moving_average,medium,1,False,False,False,False,False,38,8,18030,2489,0.014389,heldout,wrong_arithmetic,,,,,,,,,,,,
True,A1 No diagnosis,A1-moving_average-s02,moving_average,medium,2,False,False,False,False,False,39,6,18050,2495,0.014408,heldout,boundary_case,,,,,,,,,,,,
True,A1 No diagnosis,A1-moving_average-s03,moving_average,medium,3,True,True,True,False,True,35,7,18070,2501,0.014427,,,11650,10942,-6.0805,2052,2017,,36,38.58,,15,16.12,
True,A1 No diagnosis,A1-moving_average-s04,moving_average,medium,4,True,True,True,False,True,36,8,18090,2507,0.014446,,,11700,7257,-37.9712,2063,2123,,33,37.47,,16,17.11,
True,A1 No diagnosis,A1-moving_average-s05,moving_average,medium,5,True,True,True,False,True,37,6,18110,2513,0.014466,,,11750,9424,-19.7919,2074,2441,,34,33.33,,17,18.45,
True,A1 No diagnosis,A1-moving_average-s06,moving_average,medium,6,False,False,False,False,False,37,7,18130,2519,0.014485,heldout,boundary_case,,,,,,,,,,,,
True,A1 No diagnosis,A1-moving_average-s07,moving_average,medium,7,True,True,True,False,True,37,8,18150,2525,0.014504,,,11850,11166,-5.7737,2096,2087,,36,30.07,,16,17.57,
True,A1 No diagnosis,A1-moving_average-s08,moving_average,medium,8,False,False,False,False,False,38,6,18170,2531,0.014523,heldout,interface_mismatch,,,,,,,,,,,,
True,A1 No diagnosis,A1-moving_average-s09,moving_average,medium,9,True,True,True,False,True,39,7,18190,2537,0.014542,,,11950,8288,-30.6413,2118,2575,,34,32.25,,15,14.46,
True,A1 No diagnosis,A1-dot_product-s00,dot_product,medium,0,False,False,False,False,False,38,7,18210,2543,0.014562,heldout,wrong_arithmetic,,,,,,,,,,,,
True,A1 No diagnosis,A1-dot_product-s01,dot_product,medium,1,True,True,True,False,True,39,8,18230,2549,0.014581,,,12050,10125,-15.9739,2103,2336,,35,34.74,,17,16.52,
True,A1 No diagnosis,A1-dot_product-s02,dot_product,medium,2,True,True,True,False,True,35,6,18250,2555,0.0146,,,12100,11825,-2.2727,2114,2124,,36,39.11,,18,18.72,
True,A1 No diagnosis,A1-dot_product-s03,dot_product,medium,3,True,True,True,False,True,36,7,18270,2561,0.014619,,,12150,10478,-13.7605,2125,1936,,37,39.93,,16,16.63,
True,A1 No diagnosis,A1-dot_product-s04,dot_product,medium,4,True,False,False,False,False,37,8,18290,2567,0.014638,qualification,c_synthesis_failure,,,,,,,,,,,,
True,A1 No diagnosis,A1-dot_product-s05,dot_product,medium,5,True,True,True,False,True,37,6,18310,2573,0.014658,,,12250,12114,-1.1095,2147,1896,,35,27.93,,18,19.64,
True,A1 No diagnosis,A1-dot_product-s06,dot_product,medium,6,True,True,True,False,True,37,7,18330,2579,0.014677,,,12300,11707,-4.8246,2158,2349,,36,40.35,,16,16.09,
True,A1 No diagnosis,A1-dot_product-s07,dot_product,medium,7,True,True,True,False,True,38,8,18350,2585,0.014696,,,12350,11002,-10.9162,2169,2222,,37,36.83,,17,16.88,
True,A1 No diagnosis,A1-dot_product-s08,dot_product,medium,8,True,True,True,False,True,39,6,18370,2591,0.014715,,,12400,11651,-6.0426,2180,2196,,34,34.98,,18,17.28,
True,A1 No diagnosis,A1-dot_product-s09,dot_product,medium,9,True,True,True,False,True,35,7,18390,2597,0.014734,,,12450,13068,4.9648,2191,2369,,35,31.17,,16,15.53,
True,A1 No diagnosis,A1-matrix_multiply_4x4-s00,matrix_multiply_4x4,medium,0,False,False,False,False,False,39,7,18410,2603,0.014754,heldout,boundary_case,,,,,,,,,,,,
True,A1 No diagnosis,A1-matrix_multiply_4x4-s01,matrix_multiply_4x4,medium,1,False,False,False,False,False,35,8,18430,2609,0.014773,heldout,numerical_tolerance,,,,,,,,,,,,
True,A1 No diagnosis,A1-matrix_multiply_4x4-s02,matrix_multiply_4x4,medium,2,True,True,True,False,True,36,6,18450,2615,0.014792,,,12600,10153,-19.4176,2187,2230,,37,38.66,,14,12.47,
True,A1 No diagnosis,A1-matrix_multiply_4x4-s03,matrix_multiply_4x4,medium,3,True,True,True,False,True,37,7,18470,2621,0.014811,,,12650,9638,-23.8118,2198,2340,,38,32.05,,12,11.67,
True,A1 No diagnosis,A1-matrix_multiply_4x4-s04,matrix_multiply_4x4,medium,4,False,False,False,False,False,37,8,18490,2627,0.01483,heldout,boundary_case,,,,,,,,,,,,
True,A1 No diagnosis,A1-matrix_multiply_4x4-s05,matrix_multiply_4x4,medium,5,False,False,False,False,False,37,6,18510,2633,0.01485,heldout,numerical_tolerance,,,,,,,,,,,,
True,A1 No diagnosis,A1-matrix_multiply_4x4-s06,matrix_multiply_4x4,medium,6,True,True,True,False,True,38,7,18530,2639,0.014869,,,12800,11995,-6.2907,2231,2320,,37,34.71,,12,11.43,
True,A1 No diagnosis,A1-matrix_multiply_4x4-s07,matrix_multiply_4x4,medium,7,True,True,True,False,True,39,8,18550,2645,0.014888,,,12850,10598,-17.5218,2242,2024,,38,36.05,,13,13.81,
True,A1 No diagnosis,A1-matrix_multiply_4x4-s08,matrix_multiply_4x4,medium,8,True,True,True,False,True,35,6,18570,2651,0.014907,,,12900,10352,-19.755,2253,2538,,35,31.96,,14,14.67,
True,A1 No diagnosis,A1-matrix_multiply_4x4-s09,matrix_multiply_4x4,medium,9,True,True,True,False,True,36,7,18590,2657,0.014926,,,12950,10389,-19.7789,2264,2469,,36,35.23,,12,11.14,
True,A1 No diagnosis,A1-convolution_1d-s00,convolution_1d,medium,0,True,True,True,False,True,35,7,18610,2663,0.014946,,,13000,10044,-22.735,2238,2448,,36,36.38,,13,12.73,
True,A1 No diagnosis,A1-convolution_1d-s01,convolution_1d,medium,1,False,False,False,False,False,36,8,18630,2669,0.014965,heldout,interface_mismatch,,,,,,,,,,,,
True,A1 No diagnosis,A1-convolution_1d-s02,convolution_1d,medium,2,False,False,False,False,False,37,6,18650,2675,0.014984,heldout,wrong_arithmetic,,,,,,,,,,,,
True,A1 No diagnosis,A1-convolution_1d-s03,convolution_1d,medium,3,True,True,True,False,True,37,7,18670,2681,0.015003,,,13150,14105,7.2593,2271,2051,,39,36.48,,13,12.95,
True,A1 No diagnosis,A1-convolution_1d-s04,convolution_1d,medium,4,True,True,True,False,True,37,8,18690,2687,0.015022,,,13200,11684,-11.487,2282,2489,,36,31.15,,14,14.33,
True,A1 No diagnosis,A1-convolution_1d-s05,convolution_1d,medium,5,True,True,True,False,True,38,6,18710,2693,0.015042,,,13250,10221,-22.8571,2293,2365,,37,34.43,,15,14.86,
True,A1 No diagnosis,A1-convolution_1d-s06,convolution_1d,medium,6,True,True,True,False,True,39,7,18730,2699,0.015061,,,13300,10688,-19.6416,2304,2121,,38,33.87,,13,13.15,
True,A1 No diagnosis,A1-convolution_1d-s07,convolution_1d,medium,7,True,True,True,False,True,35,8,18750,2705,0.01508,,,13350,12051,-9.7308,2315,2348,,39,39.62,,14,15.38,
True,A1 No diagnosis,A1-convolution_1d-s08,convolution_1d,medium,8,True,True,True,False,True,36,6,18770,2711,0.015099,,,13400,12122,-9.5371,2326,2266,,36,36.76,,15,16.7,
True,A1 No diagnosis,A1-convolution_1d-s09,convolution_1d,medium,9,True,True,True,False,True,37,7,18790,2717,0.015118,,,13450,11026,-18.0206,2337,2465,,37,41.93,,13,13.26,
True,A1 No diagnosis,A1-fft8-s00,fft8,hard,0,True,True,True,False,True,36,7,18810,2723,0.015138,,,13500,12793,-5.2367,2311,2039,,37,36.03,,14,13.32,
True,A1 No diagnosis,A1-fft8-s01,fft8,hard,1,True,True,True,False,True,37,8,18830,2729,0.015157,,,13550,12343,-8.9048,2322,2236,,38,39.34,,15,15.4,
True,A1 No diagnosis,A1-fft8-s02,fft8,hard,2,False,False,False,False,False,37,6,18850,2735,0.015176,heldout,boundary_case,,,,,,,,,,,,
True,A1 No diagnosis,A1-fft8-s03,fft8,hard,3,False,False,False,False,False,37,7,18870,2741,0.015195,heldout,numerical_tolerance,,,,,,,,,,,,
True,A1 No diagnosis,A1-fft8-s04,fft8,hard,4,True,True,True,False,True,38,8,18890,2747,0.015214,,,13700,11354,-17.1208,2355,2387,,37,42.19,,15,12.88,
True,A1 No diagnosis,A1-fft8-s05,fft8,hard,5,False,False,False,False,False,39,6,18910,2753,0.015234,heldout,wrong_arithmetic,,,,,,,,,,,,
True,A1 No diagnosis,A1-fft8-s06,fft8,hard,6,False,False,False,False,False,35,7,18930,2759,0.015253,heldout,boundary_case,,,,,,,,,,,,
True,A1 No diagnosis,A1-fft8-s07,fft8,hard,7,False,False,False,False,False,36,8,18950,2765,0.015272,heldout,numerical_tolerance,,,,,,,,,,,,
True,A1 No diagnosis,A1-fft8-s08,fft8,hard,8,True,True,True,False,True,37,6,18970,2771,0.015291,,,13900,13143,-5.4437,2399,2626,,37,28.91,,16,16.59,
True,A1 No diagnosis,A1-fft8-s09,fft8,hard,9,False,False,False,False,False,37,7,18990,2777,0.01531,heldout,wrong_arithmetic,,,,,,,,,,,,
True,A1 No diagnosis,A1-sobel_3x3-s00,sobel_3x3,hard,0,True,True,True,False,True,37,7,19010,2783,0.01533,,,14000,13629,-2.6525,2384,2836,,38,40.87,,15,15.91,
True,A1 No diagnosis,A1-sobel_3x3-s01,sobel_3x3,hard,1,True,True,False,False,False,37,8,19030,2789,0.015349,qualification,metrics_parse_failure,,,,,,,,,,,,
True,A1 No diagnosis,A1-sobel_3x3-s02,sobel_3x3,hard,2,True,True,True,False,True,37,6,19050,2795,0.015368,,,14100,12215,-13.3661,2406,2512,,40,37.71,,17,18.6,
True,A1 No diagnosis,A1-sobel_3x3-s03,sobel_3x3,hard,3,False,False,False,False,False,38,7,19070,2801,0.015387,heldout,interface_mismatch,,,,,,,,,,,,
True,A1 No diagnosis,A1-sobel_3x3-s04,sobel_3x3,hard,4,False,False,False,False,False,39,8,19090,2807,0.015406,heldout,wrong_arithmetic,,,,,,,,,,,,
True,A1 No diagnosis,A1-sobel_3x3-s05,sobel_3x3,hard,5,True,True,True,False,True,35,6,19110,2813,0.015426,,,14250,13578,-4.7145,2439,2864,,39,38.92,,17,18.98,
True,A1 No diagnosis,A1-sobel_3x3-s06,sobel_3x3,hard,6,False,False,False,False,False,36,7,19130,2819,0.015445,heldout,numerical_tolerance,,,,,,,,,,,,
True,A1 No diagnosis,A1-sobel_3x3-s07,sobel_3x3,hard,7,False,False,False,False,False,37,8,19150,2825,0.015464,heldout,interface_mismatch,,,,,,,,,,,,
True,A1 No diagnosis,A1-sobel_3x3-s08,sobel_3x3,hard,8,True,True,True,False,True,37,6,19170,2831,0.015483,,,14400,10749,-25.3535,2472,2363,,38,34.74,,17,15.73,
True,A1 No diagnosis,A1-sobel_3x3-s09,sobel_3x3,hard,9,True,True,True,False,True,37,7,19190,2837,0.015502,,,14450,12561,-13.0725,2483,2400,,39,37.52,,15,17.25,
True,A1 No diagnosis,A1-crc32_stream-s00,crc32_stream,hard,0,False,False,False,False,False,37,7,19210,2843,0.015522,heldout,boundary_case,,,,,,,,,,,,
True,A1 No diagnosis,A1-crc32_stream-s01,crc32_stream,hard,1,True,True,True,False,True,37,8,19230,2849,0.015541,,,14550,12193,-16.1978,2468,2550,,40,32.74,,17,17.34,
True,A1 No diagnosis,A1-crc32_stream-s02,crc32_stream,hard,2,True,True,True,False,True,38,6,19250,2855,0.01556,,,14600,14848,1.6977,2479,2310,,41,45.38,,18,16.7,
True,A1 No diagnosis,A1-crc32_stream-s03,crc32_stream,hard,3,True,True,True,False,True,39,7,19270,2861,0.015579,,,14650,13431,-8.3202,2490,2521,,42,38.14,,16,15.44,
True,A1 No diagnosis,A1-crc32_stream-s04,crc32_stream,hard,4,False,False,False,False,False,35,8,19290,2867,0.015598,heldout,boundary_case,,,,,,,,,,,,
True,A1 No diagnosis,A1-crc32_stream-s05,crc32_stream,hard,5,True,True,True,False,True,36,6,19310,2873,0.015618,,,14750,12000,-18.6445,2512,2747,,40,35.6,,18,19.19,
True,A1 No diagnosis,A1-crc32_stream-s06,crc32_stream,hard,6,True,True,False,False,False,37,7,19330,2879,0.015637,qualification,metrics_parse_failure,,,,,,,,,,,,
True,A1 No diagnosis,A1-crc32_stream-s07,crc32_stream,hard,7,True,True,True,False,True,37,8,19350,2885,0.015656,,,14850,15042,1.2949,2534,2633,,42,38.51,,17,17.21,
True,A1 No diagnosis,A1-crc32_stream-s08,crc32_stream,hard,8,True,True,True,False,True,37,6,19370,2891,0.015675,,,14900,13317,-10.6267,2545,2862,,39,42.37,,18,18.45,
True,A1 No diagnosis,A1-crc32_stream-s09,crc32_stream,hard,9,True,True,True,False,True,38,7,19390,2897,0.015694,,,14950,12596,-15.7484,2556,2658,,40,37.78,,16,16.51,
True,A2 No gate,A2-vector_add-s00,vector_add,easy,0,False,False,False,False,False,42,8,17410,2303,0.013794,heldout,boundary_case,,,,,,,,,,,,
True,A2 No gate,A2-vector_add-s01,vector_add,easy,1,True,True,True,False,True,42,6,17430,2309,0.013813,,,10050,8464,-15.7837,1811,1779,,31,30.09,,13,13.76,
True,A2 No gate,A2-vector_add-s02,vector_add,easy,2,True,True,True,False,True,42,7,17450,2315,0.013832,,,10100,8135,-19.4536,1822,1776,,32,36.23,,14,14.58,
True,A2 No gate,A2-vector_add-s03,vector_add,easy,3,True,True,True,False,True,43,8,17470,2321,0.013851,,,10150,8322,-18.0109,1833,2075,,33,31.36,,12,11.76,
True,A2 No gate,A2-vector_add-s04,vector_add,easy,4,True,True,True,False,True,44,6,17490,2327,0.01387,,,10200,6721,-34.1058,1844,1919,,30,33.43,,13,12.46,
True,A2 No gate,A2-vector_add-s05,vector_add,easy,5,False,False,False,False,False,40,7,17510,2333,0.01389,heldout,numerical_tolerance,,,,,,,,,,,,
True,A2 No gate,A2-vector_add-s06,vector_add,easy,6,True,True,True,False,True,41,8,17530,2339,0.013909,,,10300,8576,-16.7378,1866,1846,,32,36.11,,12,12.4,
True,A2 No gate,A2-vector_add-s07,vector_add,easy,7,True,False,False,False,False,42,6,17550,2345,0.013928,qualification,c_synthesis_failure,,,,,,,,,,,,
True,A2 No gate,A2-vector_add-s08,vector_add,easy,8,False,False,False,False,False,42,7,17570,2351,0.013947,heldout,boundary_case,,,,,,,,,,,,
True,A2 No gate,A2-vector_add-s09,vector_add,easy,9,True,True,True,False,True,42,8,17590,2357,0.013966,,,10450,9654,-7.6137,1899,1951,,31,26.25,,12,11.67,
True,A2 No gate,A2-axpy-s00,axpy,easy,0,True,True,True,False,True,42,8,17610,2363,0.013986,,,10500,8633,-17.7791,1873,2159,,31,26.17,,13,13.07,
True,A2 No gate,A2-axpy-s01,axpy,easy,1,False,False,False,False,False,42,6,17630,2369,0.014005,heldout,interface_mismatch,,,,,,,,,,,,
True,A2 No gate,A2-axpy-s02,axpy,easy,2,True,True,True,False,True,43,7,17650,2375,0.014024,,,10600,7642,-27.9084,1895,1666,,33,34.48,,15,14.21,
True,A2 No gate,A2-axpy-s03,axpy,easy,3,True,True,True,False,True,44,8,17670,2381,0.014043,,,10650,9061,-14.9198,1906,1999,,34,29.77,,13,14.24,
True,A2 No gate,A2-axpy-s04,axpy,easy,4,False,False,False,False,False,40,6,17690,2387,0.014062,heldout,numerical_tolerance,,,,,,,,,,,,
True,A2 No gate,A2-axpy-s05,axpy,easy,5,True,True,True,False,True,41,7,17710,2393,0.014082,,,10750,9138,-14.9996,1928,1756,,32,29.86,,15,16.12,
True,A2 No gate,A2-axpy-s06,axpy,easy,6,True,True,True,False,True,42,8,17730,2399,0.014101,,,10800,8524,-21.0696,1939,2012,,33,33.2,,13,15.3,
True,A2 No gate,A2-axpy-s07,axpy,easy,7,True,True,True,False,True,42,6,17750,2405,0.01412,,,10850,8724,-19.5922,1950,1897,,34,36.34,,14,13.73,
True,A2 No gate,A2-axpy-s08,axpy,easy,8,True,True,True,False,True,42,7,17770,2411,0.014139,,,10900,9396,-13.7989,1961,2346,,31,27.9,,15,16.75,
True,A2 No gate,A2-axpy-s09,axpy,easy,9,True,True,True,False,True,43,8,17790,2417,0.014158,,,10950,7753,-29.1928,1972,1740,,32,27.51,,13,13.84,
True,A2 No gate,A2-fir16-s00,fir16,easy,0,True,True,False,False,False,42,8,17810,2423,0.014178,qualification,metrics_parse_failure,,,,,,,,,,,,
True,A2 No gate,A2-fir16-s01,fir16,easy,1,True,True,True,False,True,43,6,17830,2429,0.014197,,,11050,9568,-13.4118,1957,2209,,33,33.22,,15,14.25,
True,A2 No gate,A2-fir16-s02,fir16,easy,2,True,True,True,False,True,44,7,17850,2435,0.014216,,,11100,9268,-16.5041,1968,2245,,34,36.69,,16,18.79,
True,A2 No gate,A2-fir16-s03,fir16,easy,3,True,True,True,False,True,40,8,17870,2441,0.014235,,,11150,8799,-21.0876,1979,2348,,35,29.39,,14,13.83,
True,A2 No gate,A2-fir16-s04,fir16,easy,4,True,True,True,True,False,41,6,17890,2447,0.014254,qualification,constraint_violation,,,,,,,,,,,,
True,A2 No gate,A2-fir16-s05,fir16,easy,5,True,True,True,False,True,42,7,17910,2453,0.014274,,,11250,8741,-22.3026,2001,1949,,33,32.11,,16,16.23,
True,A2 No gate,A2-fir16-s06,fir16,easy,6,False,False,False,False,False,42,8,17930,2459,0.014293,heldout,boundary_case,,,,,,,,,,,,
True,A2 No gate,A2-fir16-s07,fir16,easy,7,True,True,True,False,True,42,6,17950,2465,0.014312,,,11350,10488,-7.5939,2023,2135,,35,39.78,,15,15.79,
True,A2 No gate,A2-fir16-s08,fir16,easy,8,True,False,False,False,False,43,7,17970,2471,0.014331,qualification,c_synthesis_failure,,,,,,,,,,,,
True,A2 No gate,A2-fir16-s09,fir16,easy,9,True,True,True,False,True,44,8,17990,2477,0.01435,,,11450,11594,1.2588,2045,2126,,33,34.4,,14,13.8,
True,A2 No gate,A2-moving_average-s00,moving_average,medium,0,True,True,True,False,True,43,8,18010,2483,0.01437,,,11500,9470,-17.6536,2019,2153,,33,31.02,,15,15.42,
True,A2 No gate,A2-moving_average-s01,moving_average,medium,1,True,False,False,False,False,44,6,18030,2489,0.014389,qualification,c_synthesis_failure,,,,,,,,,,,,
True,A2 No gate,A2-moving_average-s02,moving_average,medium,2,True,True,False,False,False,40,7,18050,2495,0.014408,qualification,metrics_parse_failure,,,,,,,,,,,,
True,A2 No gate,A2-moving_average-s03,moving_average,medium,3,True,True,True,False,True,41,8,18070,2501,0.014427,,,11650,11989,2.9083,2052,1961,,36,31.1,,15,15.62,
True,A2 No gate,A2-moving_average-s04,moving_average,medium,4,True,True,True,False,True,42,6,18090,2507,0.014446,,,11700,10298,-11.9841,2063,2204,,33,31.59,,16,16.09,
True,A2 No gate,A2-moving_average-s05,moving_average,medium,5,False,False,False,False,False,42,7,18110,2513,0.014466,heldout,boundary_case,,,,,,,,,,,,
True,A2 No gate,A2-moving_average-s06,moving_average,medium,6,False,False,False,False,False,42,8,18130,2519,0.014485,heldout,numerical_tolerance,,,,,,,,,,,,
True,A2 No gate,A2-moving_average-s07,moving_average,medium,7,True,True,True,False,True,43,6,18150,2525,0.014504,,,11850,8396,-29.1483,2096,2265,,36,36.66,,16,15.09,
True,A2 No gate,A2-moving_average-s08,moving_average,medium,8,True,True,True,False,True,44,7,18170,2531,0.014523,,,11900,11378,-4.3878,2107,2052,,33,22.05,,17,16.44,
True,A2 No gate,A2-moving_average-s09,moving_average,medium,9,True,True,True,False,True,40,8,18190,2537,0.014542,,,11950,11232,-6.0102,2118,2208,,34,33.89,,15,13.57,
True,A2 No gate,A2-dot_product-s00,dot_product,medium,0,False,False,False,False,False,44,8,18210,2543,0.014562,heldout,boundary_case,,,,,,,,,,,,
True,A2 No gate,A2-dot_product-s01,dot_product,medium,1,False,False,False,False,False,40,6,18230,2549,0.014581,heldout,numerical_tolerance,,,,,,,,,,,,
True,A2 No gate,A2-dot_product-s02,dot_product,medium,2,True,True,True,False,True,41,7,18250,2555,0.0146,,,12100,11522,-4.7766,2114,1984,,36,38.45,,18,20.16,
True,A2 No gate,A2-dot_product-s03,dot_product,medium,3,False,False,False,False,False,42,8,18270,2561,0.014619,heldout,wrong_arithmetic,,,,,,,,,,,,
True,A2 No gate,A2-dot_product-s04,dot_product,medium,4,True,True,False,False,False,42,6,18290,2567,0.014638,qualification,metrics_parse_failure,,,,,,,,,,,,
True,A2 No gate,A2-dot_product-s05,dot_product,medium,5,False,False,False,False,False,42,7,18310,2573,0.014658,heldout,numerical_tolerance,,,,,,,,,,,,
True,A2 No gate,A2-dot_product-s06,dot_product,medium,6,True,True,True,False,True,43,8,18330,2579,0.014677,,,12300,9891,-19.586,2158,1948,,36,30.77,,16,16.9,
True,A2 No gate,A2-dot_product-s07,dot_product,medium,7,True,True,True,False,True,44,6,18350,2585,0.014696,,,12350,11865,-3.9263,2169,2228,,37,44.13,,17,16.62,
True,A2 No gate,A2-dot_product-s08,dot_product,medium,8,False,False,False,False,False,40,7,18370,2591,0.014715,heldout,boundary_case,,,,,,,,,,,,
True,A2 No gate,A2-dot_product-s09,dot_product,medium,9,True,False,False,False,False,41,8,18390,2597,0.014734,qualification,c_synthesis_failure,,,,,,,,,,,,
True,A2 No gate,A2-matrix_multiply_4x4-s00,matrix_multiply_4x4,medium,0,True,True,True,False,True,40,8,18410,2603,0.014754,,,12500,9125,-27.0033,2165,2575,,35,37.76,,12,12.22,
True,A2 No gate,A2-matrix_multiply_4x4-s01,matrix_multiply_4x4,medium,1,True,True,True,False,True,41,6,18430,2609,0.014773,,,12550,11136,-11.2637,2176,2350,,36,43.35,,13,11.78,
True,A2 No gate,A2-matrix_multiply_4x4-s02,matrix_multiply_4x4,medium,2,True,True,True,False,True,42,7,18450,2615,0.014792,,,12600,11686,-7.2572,2187,2147,,37,36.95,,14,15.36,
True,A2 No gate,A2-matrix_multiply_4x4-s03,matrix_multiply_4x4,medium,3,True,True,True,False,True,42,8,18470,2621,0.014811,,,12650,10914,-13.7212,2198,2575,,38,34.12,,12,12.7,
True,A2 No gate,A2-matrix_multiply_4x4-s04,matrix_multiply_4x4,medium,4,True,True,True,False,True,42,6,18490,2627,0.01483,,,12700,12484,-1.697,2209,2339,,35,29.91,,13,13.52,
True,A2 No gate,A2-matrix_multiply_4x4-s05,matrix_multiply_4x4,medium,5,True,True,True,False,True,43,7,18510,2633,0.01485,,,12750,10016,-21.4448,2220,2376,,36,33.8,,14,15.19,
True,A2 No gate,A2-matrix_multiply_4x4-s06,matrix_multiply_4x4,medium,6,True,True,True,False,True,44,8,18530,2639,0.014869,,,12800,10456,-18.3098,2231,2093,,37,38.82,,12,12.19,
True,A2 No gate,A2-matrix_multiply_4x4-s07,matrix_multiply_4x4,medium,7,True,True,True,True,False,40,6,18550,2645,0.014888,qualification,constraint_violation,,,,,,,,,,,,
True,A2 No gate,A2-matrix_multiply_4x4-s08,matrix_multiply_4x4,medium,8,False,False,False,False,False,41,7,18570,2651,0.014907,heldout,numerical_tolerance,,,,,,,,,,,,
True,A2 No gate,A2-matrix_multiply_4x4-s09,matrix_multiply_4x4,medium,9,True,True,True,False,True,42,8,18590,2657,0.014926,,,12950,12217,-5.6572,2264,2402,,36,34.6,,12,12.77,
True,A2 No gate,A2-convolution_1d-s00,convolution_1d,medium,0,True,True,True,False,True,41,8,18610,2663,0.014946,,,13000,11075,-14.8109,2238,2109,,36,35.1,,13,14.22,
True,A2 No gate,A2-convolution_1d-s01,convolution_1d,medium,1,False,False,False,False,False,42,6,18630,2669,0.014965,heldout,wrong_arithmetic,,,,,,,,,,,,
True,A2 No gate,A2-convolution_1d-s02,convolution_1d,medium,2,False,False,False,False,False,42,7,18650,2675,0.014984,heldout,boundary_case,,,,,,,,,,,,
True,A2 No gate,A2-convolution_1d-s03,convolution_1d,medium,3,False,False,False,False,False,42,8,18670,2681,0.015003,heldout,numerical_tolerance,,,,,,,,,,,,
True,A2 No gate,A2-convolution_1d-s04,convolution_1d,medium,4,True,True,True,False,True,43,6,18690,2687,0.015022,,,13200,12126,-8.14,2282,2148,,36,37.38,,14,14.16,
True,A2 No gate,A2-convolution_1d-s05,convolution_1d,medium,5,True,True,True,False,True,44,7,18710,2693,0.015042,,,13250,13633,2.888,2293,2368,,37,33.78,,15,15.45,
True,A2 No gate,A2-convolution_1d-s06,convolution_1d,medium,6,False,False,False,False,False,40,8,18730,2699,0.015061,heldout,boundary_case,,,,,,,,,,,,
True,A2 No gate,A2-convolution_1d-s07,convolution_1d,medium,7,True,True,True,False,True,41,6,18750,2705,0.01508,,,13350,11858,-11.1733,2315,2564,,39,35.55,,14,12.48,
True,A2 No gate,A2-convolution_1d-s08,convolution_1d,medium,8,False,False,False,False,False,42,7,18770,2711,0.015099,heldout,interface_mismatch,,,,,,,,,,,,
True,A2 No gate,A2-convolution_1d-s09,convolution_1d,medium,9,False,False,False,False,False,42,8,18790,2717,0.015118,heldout,wrong_arithmetic,,,,,,,,,,,,
True,A2 No gate,A2-fft8-s00,fft8,hard,0,False,False,False,False,False,42,8,18810,2723,0.015138,heldout,wrong_arithmetic,,,,,,,,,,,,
True,A2 No gate,A2-fft8-s01,fft8,hard,1,False,False,False,False,False,42,6,18830,2729,0.015157,heldout,boundary_case,,,,,,,,,,,,
True,A2 No gate,A2-fft8-s02,fft8,hard,2,False,False,False,False,False,42,7,18850,2735,0.015176,heldout,numerical_tolerance,,,,,,,,,,,,
True,A2 No gate,A2-fft8-s03,fft8,hard,3,True,True,True,False,True,43,8,18870,2741,0.015195,,,13650,10358,-24.1192,2344,2665,,40,37.87,,14,14.64,
True,A2 No gate,A2-fft8-s04,fft8,hard,4,True,True,True,False,True,44,6,18890,2747,0.015214,,,13700,12121,-11.5224,2355,2403,,37,37.58,,15,15.31,
True,A2 No gate,A2-fft8-s05,fft8,hard,5,True,True,True,False,True,40,7,18910,2753,0.015234,,,13750,11423,-16.9233,2366,2247,,38,35.6,,16,14.85,
True,A2 No gate,A2-fft8-s06,fft8,hard,6,True,False,False,False,False,41,8,18930,2759,0.015253,qualification,c_synthesis_failure,,,,,,,,,,,,
True,A2 No gate,A2-fft8-s07,fft8,hard,7,False,False,False,False,False,42,6,18950,2765,0.015272,heldout,interface_mismatch,,,,,,,,,,,,
True,A2 No gate,A2-fft8-s08,fft8,hard,8,False,False,False,False,False,42,7,18970,2771,0.015291,heldout,wrong_arithmetic,,,,,,,,,,,,
True,A2 No gate,A2-fft8-s09,fft8,hard,9,True,True,True,False,True,42,8,18990,2777,0.01531,,,13950,11439,-18.0034,2410,2445,,38,32.75,,14,13.47,
True,A2 No gate,A2-sobel_3x3-s00,sobel_3x3,hard,0,True,True,False,False,False,42,8,19010,2783,0.01533,qualification,metrics_parse_failure,,,,,,,,,,,,
True,A2 No gate,A2-sobel_3x3-s01,sobel_3x3,hard,1,False,False,False,False,False,42,6,19030,2789,0.015349,heldout,numerical_tolerance,,,,,,,,,,,,
True,A2 No gate,A2-sobel_3x3-s02,sobel_3x3,hard,2,False,False,False,False,False,43,7,19050,2795,0.015368,heldout,interface_mismatch,,,,,,,,,,,,
True,A2 No gate,A2-sobel_3x3-s03,sobel_3x3,hard,3,False,False,False,False,False,44,8,19070,2801,0.015387,heldout,wrong_arithmetic,,,,,,,,,,,,
True,A2 No gate,A2-sobel_3x3-s04,sobel_3x3,hard,4,False,False,False,False,False,40,6,19090,2807,0.015406,heldout,boundary_case,,,,,,,,,,,,
True,A2 No gate,A2-sobel_3x3-s05,sobel_3x3,hard,5,True,True,True,False,True,41,7,19110,2813,0.015426,,,14250,13951,-2.101,2439,2920,,39,37.12,,17,19.13,
True,A2 No gate,A2-sobel_3x3-s06,sobel_3x3,hard,6,True,True,True,False,True,42,8,19130,2819,0.015445,,,14300,12166,-14.9222,2450,2568,,40,39.44,,15,16.11,
True,A2 No gate,A2-sobel_3x3-s07,sobel_3x3,hard,7,False,False,False,False,False,42,6,19150,2825,0.015464,heldout,wrong_arithmetic,,,,,,,,,,,,
True,A2 No gate,A2-sobel_3x3-s08,sobel_3x3,hard,8,True,True,True,False,True,42,7,19170,2831,0.015483,,,14400,10769,-25.2181,2472,2770,,38,44.72,,17,18.84,
True,A2 No gate,A2-sobel_3x3-s09,sobel_3x3,hard,9,False,False,False,False,False,43,8,19190,2837,0.015502,heldout,numerical_tolerance,,,,,,,,,,,,
True,A2 No gate,A2-crc32_stream-s00,crc32_stream,hard,0,False,False,False,False,False,42,8,19210,2843,0.015522,heldout,numerical_tolerance,,,,,,,,,,,,
True,A2 No gate,A2-crc32_stream-s01,crc32_stream,hard,1,False,False,False,False,False,43,6,19230,2849,0.015541,heldout,interface_mismatch,,,,,,,,,,,,
True,A2 No gate,A2-crc32_stream-s02,crc32_stream,hard,2,False,False,False,False,False,44,7,19250,2855,0.01556,heldout,wrong_arithmetic,,,,,,,,,,,,
True,A2 No gate,A2-crc32_stream-s03,crc32_stream,hard,3,False,False,False,False,False,40,8,19270,2861,0.015579,heldout,boundary_case,,,,,,,,,,,,
True,A2 No gate,A2-crc32_stream-s04,crc32_stream,hard,4,True,False,False,False,False,41,6,19290,2867,0.015598,qualification,c_synthesis_failure,,,,,,,,,,,,
True,A2 No gate,A2-crc32_stream-s05,crc32_stream,hard,5,True,True,False,False,False,42,7,19310,2873,0.015618,qualification,metrics_parse_failure,,,,,,,,,,,,
True,A2 No gate,A2-crc32_stream-s06,crc32_stream,hard,6,True,True,True,False,True,42,8,19330,2879,0.015637,,,14800,13160,-11.0807,2523,2388,,41,38.31,,16,15.08,
True,A2 No gate,A2-crc32_stream-s07,crc32_stream,hard,7,False,False,False,False,False,42,6,19350,2885,0.015656,heldout,boundary_case,,,,,,,,,,,,
True,A2 No gate,A2-crc32_stream-s08,crc32_stream,hard,8,True,True,True,False,True,43,7,19370,2891,0.015675,,,14900,10765,-27.7516,2545,2783,,39,37.56,,18,16.74,
True,A2 No gate,A2-crc32_stream-s09,crc32_stream,hard,9,True,True,True,False,True,44,8,19390,2897,0.015694,,,14950,14161,-5.279,2556,2614,,40,40.77,,16,16.24,
True,A3 Fixed order,A3-vector_add-s00,vector_add,easy,0,False,False,False,False,False,41,6,17410,2303,0.013794,heldout,numerical_tolerance,,,,,,,,,,,,
True,A3 Fixed order,A3-vector_add-s01,vector_add,easy,1,False,False,False,False,False,41,7,17430,2309,0.013813,heldout,interface_mismatch,,,,,,,,,,,,
True,A3 Fixed order,A3-vector_add-s02,vector_add,easy,2,True,True,True,False,True,42,8,17450,2315,0.013832,,,10100,10049,-0.5085,1822,2049,,32,29.71,,14,14.33,
True,A3 Fixed order,A3-vector_add-s03,vector_add,easy,3,True,True,True,False,True,43,6,17470,2321,0.013851,,,10150,8989,-11.4425,1833,1823,,33,26.76,,12,10.53,
True,A3 Fixed order,A3-vector_add-s04,vector_add,easy,4,True,True,True,False,True,39,7,17490,2327,0.01387,,,10200,9578,-6.1004,1844,1695,,30,24.03,,13,14.75,
True,A3 Fixed order,A3-vector_add-s05,vector_add,easy,5,True,True,True,False,True,40,8,17510,2333,0.01389,,,10250,9129,-10.9409,1855,2346,,31,28.75,,14,13.57,
True,A3 Fixed order,A3-vector_add-s06,vector_add,easy,6,True,True,True,False,True,41,6,17530,2339,0.013909,,,10300,5575,-45.8745,1866,2112,,32,30.48,,12,12.15,
True,A3 Fixed order,A3-vector_add-s07,vector_add,easy,7,True,True,True,False,True,41,7,17550,2345,0.013928,,,10350,9198,-11.1269,1877,1778,,33,37.55,,13,12.19,
True,A3 Fixed order,A3-vector_add-s08,vector_add,easy,8,True,True,True,False,True,41,8,17570,2351,0.013947,,,10400,8695,-16.3899,1888,2035,,30,31.42,,14,13.83,
True,A3 Fixed order,A3-vector_add-s09,vector_add,easy,9,True,True,True,False,True,42,6,17590,2357,0.013966,,,10450,8985,-14.0236,1899,1945,,31,31.38,,12,11.85,
True,A3 Fixed order,A3-axpy-s00,axpy,easy,0,True,True,True,False,True,41,6,17610,2363,0.013986,,,10500,10975,4.5255,1873,1937,,31,32.09,,13,13.41,
True,A3 Fixed order,A3-axpy-s01,axpy,easy,1,True,True,True,False,True,42,7,17630,2369,0.014005,,,10550,7979,-24.3697,1884,1985,,32,29.02,,14,13.21,
True,A3 Fixed order,A3-axpy-s02,axpy,easy,2,True,True,True,False,True,43,8,17650,2375,0.014024,,,10600,11018,3.9426,1895,2040,,33,29.89,,15,13.48,
True,A3 Fixed order,A3-axpy-s03,axpy,easy,3,True,True,True,False,True,39,6,17670,2381,0.014043,,,10650,9820,-7.796,1906,1722,,34,31.94,,13,11.92,
True,A3 Fixed order,A3-axpy-s04,axpy,easy,4,True,True,True,False,True,40,7,17690,2387,0.014062,,,10700,8374,-21.7339,1917,1899,,31,26.09,,14,13.69,
True,A3 Fixed order,A3-axpy-s05,axpy,easy,5,True,True,True,False,True,41,8,17710,2393,0.014082,,,10750,8554,-20.4305,1928,1755,,32,30.13,,15,15.14,
True,A3 Fixed order,A3-axpy-s06,axpy,easy,6,True,True,True,False,True,41,6,17730,2399,0.014101,,,10800,11030,2.1295,1939,2176,,33,35.96,,13,14.26,
True,A3 Fixed order,A3-axpy-s07,axpy,easy,7,True,True,True,False,True,41,7,17750,2405,0.01412,,,10850,8217,-24.2675,1950,1848,,34,28.83,,14,14.28,
True,A3 Fixed order,A3-axpy-s08,axpy,easy,8,True,False,False,False,False,42,8,17770,2411,0.014139,qualification,c_synthesis_failure,,,,,,,,,,,,
True,A3 Fixed order,A3-axpy-s09,axpy,easy,9,True,True,True,False,True,43,6,17790,2417,0.014158,,,10950,9417,-13.9972,1972,2075,,32,37.12,,13,13.29,
True,A3 Fixed order,A3-fir16-s00,fir16,easy,0,True,True,True,True,False,42,6,17810,2423,0.014178,qualification,constraint_violation,,,,,,,,,,,,
True,A3 Fixed order,A3-fir16-s01,fir16,easy,1,True,True,True,False,True,43,7,17830,2429,0.014197,,,11050,10234,-7.3827,1957,1970,,33,33.16,,15,15.16,
True,A3 Fixed order,A3-fir16-s02,fir16,easy,2,True,True,True,False,True,39,8,17850,2435,0.014216,,,11100,8291,-25.3051,1968,1885,,34,33.07,,16,15.54,
True,A3 Fixed order,A3-fir16-s03,fir16,easy,3,True,True,True,False,True,40,6,17870,2441,0.014235,,,11150,10893,-2.3066,1979,2106,,35,38.06,,14,15.02,
True,A3 Fixed order,A3-fir16-s04,fir16,easy,4,True,True,True,False,True,41,7,17890,2447,0.014254,,,11200,8149,-27.2435,1990,2325,,32,30.11,,15,15.22,
True,A3 Fixed order,A3-fir16-s05,fir16,easy,5,True,True,True,False,True,41,8,17910,2453,0.014274,,,11250,10334,-8.1404,2001,2142,,33,37.31,,16,16.03,
True,A3 Fixed order,A3-fir16-s06,fir16,easy,6,True,True,True,False,True,41,6,17930,2459,0.014293,,,11300,10745,-4.9139,2012,1964,,34,38.62,,14,14.37,
True,A3 Fixed order,A3-fir16-s07,fir16,easy,7,True,True,True,False,True,42,7,17950,2465,0.014312,,,11350,9192,-19.0157,2023,2308,,35,34.04,,15,14.14,
True,A3 Fixed order,A3-fir16-s08,fir16,easy,8,True,True,True,False,True,43,8,17970,2471,0.014331,,,11400,10469,-8.1698,2034,2083,,32,31.43,,16,17.53,
True,A3 Fixed order,A3-fir16-s09,fir16,easy,9,True,True,True,False,True,39,6,17990,2477,0.01435,,,11450,8113,-29.1414,2045,2336,,33,35.52,,14,13.47,
True,A3 Fixed order,A3-moving_average-s00,moving_average,medium,0,True,True,True,False,True,43,6,18010,2483,0.01437,,,11500,9720,-15.4803,2019,2016,,33,30.56,,15,14.51,
True,A3 Fixed order,A3-moving_average-s01,moving_average,medium,1,True,True,True,False,True,39,7,18030,2489,0.014389,,,11550,9295,-19.5195,2030,2189,,34,34.62,,16,15.1,
True,A3 Fixed order,A3-moving_average-s02,moving_average,medium,2,True,True,True,False,True,40,8,18050,2495,0.014408,,,11600,8338,-28.1232,2041,1958,,35,36.05,,17,18.38,
True,A3 Fixed order,A3-moving_average-s03,moving_average,medium,3,True,True,True,False,True,41,6,18070,2501,0.014427,,,11650,10829,-7.0441,2052,2021,,36,34.72,,15,13.2,
True,A3 Fixed order,A3-moving_average-s04,moving_average,medium,4,True,True,True,False,True,41,7,18090,2507,0.014446,,,11700,11068,-5.3982,2063,2286,,33,24.42,,16,15.35,
True,A3 Fixed order,A3-moving_average-s05,moving_average,medium,5,True,True,True,False,True,41,8,18110,2513,0.014466,,,11750,10268,-12.6091,2074,2140,,34,31.23,,17,16.79,
True,A3 Fixed order,A3-moving_average-s06,moving_average,medium,6,True,True,True,False,True,42,6,18130,2519,0.014485,,,11800,8588,-27.217,2085,2295,,35,30.14,,15,14.46,
True,A3 Fixed order,A3-moving_average-s07,moving_average,medium,7,True,True,True,False,True,43,7,18150,2525,0.014504,,,11850,11529,-2.7108,2096,2331,,36,40.58,,16,17.46,
True,A3 Fixed order,A3-moving_average-s08,moving_average,medium,8,True,True,True,False,True,39,8,18170,2531,0.014523,,,11900,9992,-16.0322,2107,2374,,33,32.42,,17,17.21,
True,A3 Fixed order,A3-moving_average-s09,moving_average,medium,9,True,True,True,False,True,40,6,18190,2537,0.014542,,,11950,11175,-6.4851,2118,2101,,34,33.54,,15,15.92,
True,A3 Fixed order,A3-dot_product-s00,dot_product,medium,0,False,False,False,False,False,39,6,18210,2543,0.014562,heldout,numerical_tolerance,,,,,,,,,,,,
True,A3 Fixed order,A3-dot_product-s01,dot_product,medium,1,True,True,True,False,True,40,7,18230,2549,0.014581,,,12050,11259,-6.5678,2103,2390,,35,37.53,,17,16.32,
True,A3 Fixed order,A3-dot_product-s02,dot_product,medium,2,True,True,True,False,True,41,8,18250,2555,0.0146,,,12100,11438,-5.4689,2114,2109,,36,34.73,,18,18.23,
True,A3 Fixed order,A3-dot_product-s03,dot_product,medium,3,True,True,True,False,True,41,6,18270,2561,0.014619,,,12150,11613,-4.4217,2125,2411,,37,37.42,,16,17.09,
True,A3 Fixed order,A3-dot_product-s04,dot_product,medium,4,True,True,True,False,True,41,7,18290,2567,0.014638,,,12200,12501,2.4674,2136,2153,,34,31.29,,17,16.22,
True,A3 Fixed order,A3-dot_product-s05,dot_product,medium,5,True,False,False,False,False,42,8,18310,2573,0.014658,qualification,c_synthesis_failure,,,,,,,,,,,,
True,A3 Fixed order,A3-dot_product-s06,dot_product,medium,6,False,False,False,False,False,43,6,18330,2579,0.014677,heldout,wrong_arithmetic,,,,,,,,,,,,
True,A3 Fixed order,A3-dot_product-s07,dot_product,medium,7,True,True,True,False,True,39,7,18350,2585,0.014696,,,12350,10465,-15.2637,2169,2206,,37,34.39,,17,16.38,
True,A3 Fixed order,A3-dot_product-s08,dot_product,medium,8,True,True,True,False,True,40,8,18370,2591,0.014715,,,12400,10895,-12.1372,2180,2430,,34,33.15,,18,18.53,
True,A3 Fixed order,A3-dot_product-s09,dot_product,medium,9,True,True,True,False,True,41,6,18390,2597,0.014734,,,12450,11766,-5.4924,2191,2438,,35,28.22,,16,16.75,
True,A3 Fixed order,A3-matrix_multiply_4x4-s00,matrix_multiply_4x4,medium,0,True,True,True,False,True,40,6,18410,2603,0.014754,,,12500,10262,-17.9021,2165,2326,,35,40.11,,12,11.17,
True,A3 Fixed order,A3-matrix_multiply_4x4-s01,matrix_multiply_4x4,medium,1,False,False,False,False,False,41,7,18430,2609,0.014773,heldout,wrong_arithmetic,,,,,,,,,,,,
True,A3 Fixed order,A3-matrix_multiply_4x4-s02,matrix_multiply_4x4,medium,2,True,True,True,False,True,41,8,18450,2615,0.014792,,,12600,10961,-13.0072,2187,1943,,37,40.46,,14,14.0,
True,A3 Fixed order,A3-matrix_multiply_4x4-s03,matrix_multiply_4x4,medium,3,True,True,True,False,True,41,6,18470,2621,0.014811,,,12650,11194,-11.5078,2198,2302,,38,34.75,,12,12.22,
True,A3 Fixed order,A3-matrix_multiply_4x4-s04,matrix_multiply_4x4,medium,4,True,True,True,False,True,42,7,18490,2627,0.01483,,,12700,11274,-11.2283,2209,1976,,35,31.73,,13,12.36,
True,A3 Fixed order,A3-matrix_multiply_4x4-s05,matrix_multiply_4x4,medium,5,True,True,True,False,True,43,8,18510,2633,0.01485,,,12750,11444,-10.2446,2220,2232,,36,35.18,,14,14.53,
True,A3 Fixed order,A3-matrix_multiply_4x4-s06,matrix_multiply_4x4,medium,6,True,True,True,False,True,39,6,18530,2639,0.014869,,,12800,11253,-12.0832,2231,2208,,37,39.21,,12,11.23,
True,A3 Fixed order,A3-matrix_multiply_4x4-s07,matrix_multiply_4x4,medium,7,True,True,True,False,True,40,7,18550,2645,0.014888,,,12850,10288,-19.9399,2242,2294,,38,34.18,,13,12.42,
True,A3 Fixed order,A3-matrix_multiply_4x4-s08,matrix_multiply_4x4,medium,8,True,True,True,False,True,41,8,18570,2651,0.014907,,,12900,10484,-18.7264,2253,2252,,35,28.87,,14,14.4,
True,A3 Fixed order,A3-matrix_multiply_4x4-s09,matrix_multiply_4x4,medium,9,True,True,True,False,True,41,6,18590,2657,0.014926,,,12950,13146,1.5141,2264,2388,,36,35.73,,12,12.81,
True,A3 Fixed order,A3-convolution_1d-s00,convolution_1d,medium,0,True,True,True,False,True,41,6,18610,2663,0.014946,,,13000,12243,-5.8256,2238,2152,,36,36.07,,13,13.35,
True,A3 Fixed order,A3-convolution_1d-s01,convolution_1d,medium,1,True,True,True,False,True,41,7,18630,2669,0.014965,,,13050,11621,-10.9489,2249,2333,,37,42.98,,14,13.02,
True,A3 Fixed order,A3-convolution_1d-s02,convolution_1d,medium,2,True,True,True,True,False,41,8,18650,2675,0.014984,qualification,constraint_violation,,,,,,,,,,,,
True,A3 Fixed order,A3-convolution_1d-s03,convolution_1d,medium,3,False,False,False,False,False,42,6,18670,2681,0.015003,heldout,interface_mismatch,,,,,,,,,,,,
True,A3 Fixed order,A3-convolution_1d-s04,convolution_1d,medium,4,False,False,False,False,False,43,7,18690,2687,0.015022,heldout,wrong_arithmetic,,,,,,,,,,,,
True,A3 Fixed order,A3-convolution_1d-s05,convolution_1d,medium,5,True,True,True,False,True,39,8,18710,2693,0.015042,,,13250,12807,-3.3442,2293,2435,,37,33.22,,15,13.97,
True,A3 Fixed order,A3-convolution_1d-s06,convolution_1d,medium,6,False,False,False,False,False,40,6,18730,2699,0.015061,heldout,numerical_tolerance,,,,,,,,,,,,
True,A3 Fixed order,A3-convolution_1d-s07,convolution_1d,medium,7,True,True,True,False,True,41,7,18750,2705,0.01508,,,13350,11627,-12.9045,2315,2409,,39,34.49,,14,14.95,
True,A3 Fixed order,A3-convolution_1d-s08,convolution_1d,medium,8,False,False,False,False,False,41,8,18770,2711,0.015099,heldout,wrong_arithmetic,,,,,,,,,,,,
True,A3 Fixed order,A3-convolution_1d-s09,convolution_1d,medium,9,False,False,False,False,False,41,6,18790,2717,0.015118,heldout,boundary_case,,,,,,,,,,,,
True,A3 Fixed order,A3-fft8-s00,fft8,hard,0,False,False,False,False,False,41,6,18810,2723,0.015138,heldout,boundary_case,,,,,,,,,,,,
True,A3 Fixed order,A3-fft8-s01,fft8,hard,1,True,True,True,False,True,41,7,18830,2729,0.015157,,,13550,12344,-8.8992,2322,2339,,38,45.26,,15,14.43,
True,A3 Fixed order,A3-fft8-s02,fft8,hard,2,True,True,True,False,True,42,8,18850,2735,0.015176,,,13600,11995,-11.8002,2333,2369,,39,36.11,,16,16.84,
True,A3 Fixed order,A3-fft8-s03,fft8,hard,3,False,False,False,False,False,43,6,18870,2741,0.015195,heldout,wrong_arithmetic,,,,,,,,,,,,
True,A3 Fixed order,A3-fft8-s04,fft8,hard,4,False,False,False,False,False,39,7,18890,2747,0.015214,heldout,boundary_case,,,,,,,,,,,,
True,A3 Fixed order,A3-fft8-s05,fft8,hard,5,True,True,True,False,True,40,8,18910,2753,0.015234,,,13750,9593,-30.2313,2366,2669,,38,36.77,,16,17.64,
True,A3 Fixed order,A3-fft8-s06,fft8,hard,6,False,False,False,False,False,41,6,18930,2759,0.015253,heldout,interface_mismatch,,,,,,,,,,,,
True,A3 Fixed order,A3-fft8-s07,fft8,hard,7,True,True,True,False,True,41,7,18950,2765,0.015272,,,13850,12526,-9.5569,2388,2376,,40,38.58,,15,15.86,
True,A3 Fixed order,A3-fft8-s08,fft8,hard,8,False,False,False,False,False,41,8,18970,2771,0.015291,heldout,boundary_case,,,,,,,,,,,,
True,A3 Fixed order,A3-fft8-s09,fft8,hard,9,False,False,False,False,False,42,6,18990,2777,0.01531,heldout,numerical_tolerance,,,,,,,,,,,,
True,A3 Fixed order,A3-sobel_3x3-s00,sobel_3x3,hard,0,True,True,True,True,False,41,6,19010,2783,0.01533,qualification,constraint_violation,,,,,,,,,,,,
True,A3 Fixed order,A3-sobel_3x3-s01,sobel_3x3,hard,1,True,True,True,False,True,42,7,19030,2789,0.015349,,,14050,11349,-19.2271,2395,2501,,39,47.26,,16,15.43,
True,A3 Fixed order,A3-sobel_3x3-s02,sobel_3x3,hard,2,False,False,False,False,False,43,8,19050,2795,0.015368,heldout,wrong_arithmetic,,,,,,,,,,,,
True,A3 Fixed order,A3-sobel_3x3-s03,sobel_3x3,hard,3,True,True,True,False,True,39,6,19070,2801,0.015387,,,14150,11598,-18.0324,2417,2634,,41,30.72,,15,14.92,
True,A3 Fixed order,A3-sobel_3x3-s04,sobel_3x3,hard,4,True,True,True,False,True,40,7,19090,2807,0.015406,,,14200,10633,-25.1194,2428,2489,,38,38.68,,16,17.19,
True,A3 Fixed order,A3-sobel_3x3-s05,sobel_3x3,hard,5,True,True,True,False,True,41,8,19110,2813,0.015426,,,14250,11777,-17.3569,2439,2399,,39,40.86,,17,17.78,
True,A3 Fixed order,A3-sobel_3x3-s06,sobel_3x3,hard,6,True,True,True,False,True,41,6,19130,2819,0.015445,,,14300,12233,-14.4519,2450,2764,,40,36.97,,15,15.15,
True,A3 Fixed order,A3-sobel_3x3-s07,sobel_3x3,hard,7,True,True,True,False,True,41,7,19150,2825,0.015464,,,14350,10689,-25.5107,2461,2709,,41,44.21,,16,16.07,
True,A3 Fixed order,A3-sobel_3x3-s08,sobel_3x3,hard,8,True,True,True,False,True,42,8,19170,2831,0.015483,,,14400,12651,-12.1481,2472,2561,,38,39.67,,17,16.73,
True,A3 Fixed order,A3-sobel_3x3-s09,sobel_3x3,hard,9,False,False,False,False,False,43,6,19190,2837,0.015502,heldout,interface_mismatch,,,,,,,,,,,,
True,A3 Fixed order,A3-crc32_stream-s00,crc32_stream,hard,0,True,True,True,False,True,42,6,19210,2843,0.015522,,,14500,11700,-19.313,2457,2198,,39,39.12,,16,16.6,
True,A3 Fixed order,A3-crc32_stream-s01,crc32_stream,hard,1,True,True,True,False,True,43,7,19230,2849,0.015541,,,14550,10262,-29.4675,2468,2349,,40,43.53,,17,17.57,
True,A3 Fixed order,A3-crc32_stream-s02,crc32_stream,hard,2,True,True,True,False,True,39,8,19250,2855,0.01556,,,14600,10951,-24.99,2479,2820,,41,46.43,,18,19.18,
True,A3 Fixed order,A3-crc32_stream-s03,crc32_stream,hard,3,True,True,True,False,True,40,6,19270,2861,0.015579,,,14650,14636,-0.097,2490,2623,,42,43.45,,16,15.33,
True,A3 Fixed order,A3-crc32_stream-s04,crc32_stream,hard,4,True,True,True,False,True,41,7,19290,2867,0.015598,,,14700,9456,-35.6739,2501,2723,,39,41.55,,17,17.71,
True,A3 Fixed order,A3-crc32_stream-s05,crc32_stream,hard,5,False,False,False,False,False,41,8,19310,2873,0.015618,heldout,wrong_arithmetic,,,,,,,,,,,,
True,A3 Fixed order,A3-crc32_stream-s06,crc32_stream,hard,6,True,True,True,False,True,41,6,19330,2879,0.015637,,,14800,15282,3.2592,2523,2440,,41,39.11,,16,16.46,
True,A3 Fixed order,A3-crc32_stream-s07,crc32_stream,hard,7,True,True,False,False,False,42,7,19350,2885,0.015656,qualification,metrics_parse_failure,,,,,,,,,,,,
True,A3 Fixed order,A3-crc32_stream-s08,crc32_stream,hard,8,False,False,False,False,False,43,8,19370,2891,0.015675,heldout,interface_mismatch,,,,,,,,,,,,
True,A3 Fixed order,A3-crc32_stream-s09,crc32_stream,hard,9,True,True,True,False,True,39,6,19390,2897,0.015694,,,14950,13189,-11.7768,2556,2315,,40,39.77,,16,16.69,
True,A4 Single proposal,A4-vector_add-s00,vector_add,easy,0,True,True,True,False,True,11,7,17410,2303,0.013794,,,10000,8293,-17.0662,1800,1998,,30,28.22,,12,11.29,
True,A4 Single proposal,A4-vector_add-s01,vector_add,easy,1,True,True,True,False,True,11,8,17430,2309,0.013813,,,10050,8687,-13.5657,1811,1721,,31,29.99,,13,12.75,
True,A4 Single proposal,A4-vector_add-s02,vector_add,easy,2,True,True,True,False,True,11,6,17450,2315,0.013832,,,10100,8659,-14.2679,1822,1704,,32,28.99,,14,13.93,
True,A4 Single proposal,A4-vector_add-s03,vector_add,easy,3,True,True,True,False,True,11,7,17470,2321,0.013851,,,10150,9164,-9.7163,1833,1910,,33,33.69,,12,10.69,
True,A4 Single proposal,A4-vector_add-s04,vector_add,easy,4,False,False,False,False,False,11,8,17490,2327,0.01387,heldout,interface_mismatch,,,,,,,,,,,,
True,A4 Single proposal,A4-vector_add-s05,vector_add,easy,5,False,False,False,False,False,11,6,17510,2333,0.01389,heldout,wrong_arithmetic,,,,,,,,,,,,
True,A4 Single proposal,A4-vector_add-s06,vector_add,easy,6,True,True,True,False,True,11,7,17530,2339,0.013909,,,10300,10137,-1.5791,1866,1852,,32,29.58,,12,11.72,
True,A4 Single proposal,A4-vector_add-s07,vector_add,easy,7,True,True,True,False,True,11,8,17550,2345,0.013928,,,10350,8678,-16.1539,1877,1942,,33,28.61,,13,13.21,
True,A4 Single proposal,A4-vector_add-s08,vector_add,easy,8,True,True,True,False,True,11,6,17570,2351,0.013947,,,10400,9090,-12.5935,1888,1924,,30,27.96,,14,14.51,
True,A4 Single proposal,A4-vector_add-s09,vector_add,easy,9,False,False,False,False,False,11,7,17590,2357,0.013966,heldout,wrong_arithmetic,,,,,,,,,,,,
True,A4 Single proposal,A4-axpy-s00,axpy,easy,0,False,False,False,False,False,11,7,17610,2363,0.013986,heldout,wrong_arithmetic,,,,,,,,,,,,
True,A4 Single proposal,A4-axpy-s01,axpy,easy,1,True,False,False,False,False,11,8,17630,2369,0.014005,qualification,c_synthesis_failure,,,,,,,,,,,,
True,A4 Single proposal,A4-axpy-s02,axpy,easy,2,True,True,True,False,True,11,6,17650,2375,0.014024,,,10600,7962,-24.8845,1895,1851,,33,32.36,,15,15.51,
True,A4 Single proposal,A4-axpy-s03,axpy,easy,3,True,True,True,True,False,11,7,17670,2381,0.014043,qualification,constraint_violation,,,,,,,,,,,,
True,A4 Single proposal,A4-axpy-s04,axpy,easy,4,False,False,False,False,False,11,8,17690,2387,0.014062,heldout,wrong_arithmetic,,,,,,,,,,,,
True,A4 Single proposal,A4-axpy-s05,axpy,easy,5,True,True,True,False,True,11,6,17710,2393,0.014082,,,10750,8650,-19.5319,1928,1838,,32,30.76,,15,14.64,
True,A4 Single proposal,A4-axpy-s06,axpy,easy,6,False,False,False,False,False,11,7,17730,2399,0.014101,heldout,numerical_tolerance,,,,,,,,,,,,
True,A4 Single proposal,A4-axpy-s07,axpy,easy,7,False,False,False,False,False,11,8,17750,2405,0.01412,heldout,interface_mismatch,,,,,,,,,,,,
True,A4 Single proposal,A4-axpy-s08,axpy,easy,8,True,True,True,False,True,11,6,17770,2411,0.014139,,,10900,10267,-5.8101,1961,2277,,31,33.99,,15,14.46,
True,A4 Single proposal,A4-axpy-s09,axpy,easy,9,True,True,True,False,True,11,7,17790,2417,0.014158,,,10950,7532,-31.2117,1972,2188,,32,30.72,,13,12.77,
True,A4 Single proposal,A4-fir16-s00,fir16,easy,0,False,False,False,False,False,11,7,17810,2423,0.014178,heldout,boundary_case,,,,,,,,,,,,
True,A4 Single proposal,A4-fir16-s01,fir16,easy,1,True,True,True,False,True,11,8,17830,2429,0.014197,,,11050,9740,-11.8537,1957,1806,,33,37.49,,15,15.18,
True,A4 Single proposal,A4-fir16-s02,fir16,easy,2,True,True,True,False,True,11,6,17850,2435,0.014216,,,11100,10199,-8.115,1968,1979,,34,27.98,,16,14.85,
True,A4 Single proposal,A4-fir16-s03,fir16,easy,3,True,True,True,False,True,11,7,17870,2441,0.014235,,,11150,10158,-8.8967,1979,1901,,35,33.26,,14,14.91,
True,A4 Single proposal,A4-fir16-s04,fir16,easy,4,False,False,False,False,False,11,8,17890,2447,0.014254,heldout,boundary_case,,,,,,,,,,,,
True,A4 Single proposal,A4-fir16-s05,fir16,easy,5,True,True,True,False,True,11,6,17910,2453,0.014274,,,11250,8437,-25.0065,2001,2057,,33,29.32,,16,16.41,
True,A4 Single proposal,A4-fir16-s06,fir16,easy,6,False,False,False,False,False,11,7,17930,2459,0.014293,heldout,interface_mismatch,,,,,,,,,,,,
True,A4 Single proposal,A4-fir16-s07,fir16,easy,7,True,True,True,False,True,11,8,17950,2465,0.014312,,,11350,9372,-17.4268,2023,2147,,35,34.69,,15,15.25,
True,A4 Single proposal,A4-fir16-s08,fir16,easy,8,True,True,True,False,True,11,6,17970,2471,0.014331,,,11400,10191,-10.6093,2034,2030,,32,24.34,,16,16.93,
True,A4 Single proposal,A4-fir16-s09,fir16,easy,9,True,True,True,False,True,11,7,17990,2477,0.01435,,,11450,7851,-31.43,2045,2135,,33,32.19,,14,14.2,
True,A4 Single proposal,A4-moving_average-s00,moving_average,medium,0,False,False,False,False,False,11,7,18010,2483,0.01437,heldout,numerical_tolerance,,,,,,,,,,,,
True,A4 Single proposal,A4-moving_average-s01,moving_average,medium,1,False,False,False,False,False,11,8,18030,2489,0.014389,heldout,interface_mismatch,,,,,,,,,,,,
True,A4 Single proposal,A4-moving_average-s02,moving_average,medium,2,False,False,False,False,False,11,6,18050,2495,0.014408,heldout,wrong_arithmetic,,,,,,,,,,,,
True,A4 Single proposal,A4-moving_average-s03,moving_average,medium,3,True,True,True,False,True,11,7,18070,2501,0.014427,,,11650,11317,-2.8577,2052,2018,,36,36.3,,15,15.4,
True,A4 Single proposal,A4-moving_average-s04,moving_average,medium,4,True,True,True,False,True,11,8,18090,2507,0.014446,,,11700,10031,-14.2624,2063,2165,,33,31.11,,16,15.63,
True,A4 Single proposal,A4-moving_average-s05,moving_average,medium,5,False,False,False,False,False,11,6,18110,2513,0.014466,heldout,interface_mismatch,,,,,,,,,,,,
True,A4 Single proposal,A4-moving_average-s06,moving_average,medium,6,False,False,False,False,False,11,7,18130,2519,0.014485,heldout,wrong_arithmetic,,,,,,,,,,,,
True,A4 Single proposal,A4-moving_average-s07,moving_average,medium,7,False,False,False,False,False,11,8,18150,2525,0.014504,heldout,boundary_case,,,,,,,,,,,,
True,A4 Single proposal,A4-moving_average-s08,moving_average,medium,8,True,True,True,False,True,11,6,18170,2531,0.014523,,,11900,9982,-16.116,2107,1881,,33,33.32,,17,17.18,
True,A4 Single proposal,A4-moving_average-s09,moving_average,medium,9,True,True,True,False,True,11,7,18190,2537,0.014542,,,11950,9061,-24.1723,2118,2365,,34,29.16,,15,14.66,
True,A4 Single proposal,A4-dot_product-s00,dot_product,medium,0,True,True,True,False,True,11,7,18210,2543,0.014562,,,12000,11099,-7.5112,2092,2146,,34,32.96,,16,17.54,
True,A4 Single proposal,A4-dot_product-s01,dot_product,medium,1,True,True,True,False,True,11,8,18230,2549,0.014581,,,12050,11012,-8.6128,2103,2423,,35,30.65,,17,16.25,
True,A4 Single proposal,A4-dot_product-s02,dot_product,medium,2,False,False,False,False,False,11,6,18250,2555,0.0146,heldout,boundary_case,,,,,,,,,,,,
True,A4 Single proposal,A4-dot_product-s03,dot_product,medium,3,True,True,True,False,True,11,7,18270,2561,0.014619,,,12150,9635,-20.6958,2125,2295,,37,37.76,,16,17.43,
True,A4 Single proposal,A4-dot_product-s04,dot_product,medium,4,True,True,True,False,True,11,8,18290,2567,0.014638,,,12200,9908,-18.7886,2136,2169,,34,30.9,,17,16.99,
True,A4 Single proposal,A4-dot_product-s05,dot_product,medium,5,False,False,False,False,False,11,6,18310,2573,0.014658,heldout,wrong_arithmetic,,,,,,,,,,,,
True,A4 Single proposal,A4-dot_product-s06,dot_product,medium,6,True,True,True,False,True,11,7,18330,2579,0.014677,,,12300,9337,-24.0912,2158,2176,,36,35.65,,16,16.31,
True,A4 Single proposal,A4-dot_product-s07,dot_product,medium,7,False,False,False,False,False,11,8,18350,2585,0.014696,heldout,numerical_tolerance,,,,,,,,,,,,
True,A4 Single proposal,A4-dot_product-s08,dot_product,medium,8,False,False,False,False,False,11,6,18370,2591,0.014715,heldout,interface_mismatch,,,,,,,,,,,,
True,A4 Single proposal,A4-dot_product-s09,dot_product,medium,9,True,True,True,False,True,11,7,18390,2597,0.014734,,,12450,9443,-24.1487,2191,1955,,35,38.7,,16,14.23,
True,A4 Single proposal,A4-matrix_multiply_4x4-s00,matrix_multiply_4x4,medium,0,True,True,True,False,True,11,7,18410,2603,0.014754,,,12500,9760,-21.9169,2165,2112,,35,31.03,,12,13.46,
True,A4 Single proposal,A4-matrix_multiply_4x4-s01,matrix_multiply_4x4,medium,1,False,False,False,False,False,11,8,18430,2609,0.014773,heldout,boundary_case,,,,,,,,,,,,
True,A4 Single proposal,A4-matrix_multiply_4x4-s02,matrix_multiply_4x4,medium,2,True,True,True,False,True,11,6,18450,2615,0.014792,,,12600,10611,-15.7888,2187,2217,,37,35.75,,14,13.09,
True,A4 Single proposal,A4-matrix_multiply_4x4-s03,matrix_multiply_4x4,medium,3,False,False,False,False,False,11,7,18470,2621,0.014811,heldout,interface_mismatch,,,,,,,,,,,,
True,A4 Single proposal,A4-matrix_multiply_4x4-s04,matrix_multiply_4x4,medium,4,True,True,True,False,True,11,8,18490,2627,0.01483,,,12700,10519,-17.1736,2209,2475,,35,23.11,,13,12.5,
True,A4 Single proposal,A4-matrix_multiply_4x4-s05,matrix_multiply_4x4,medium,5,True,True,True,True,False,11,6,18510,2633,0.01485,qualification,constraint_violation,,,,,,,,,,,,
True,A4 Single proposal,A4-matrix_multiply_4x4-s06,matrix_multiply_4x4,medium,6,False,False,False,False,False,11,7,18530,2639,0.014869,heldout,numerical_tolerance,,,,,,,,,,,,
True,A4 Single proposal,A4-matrix_multiply_4x4-s07,matrix_multiply_4x4,medium,7,False,False,False,False,False,11,8,18550,2645,0.014888,heldout,interface_mismatch,,,,,,,,,,,,
True,A4 Single proposal,A4-matrix_multiply_4x4-s08,matrix_multiply_4x4,medium,8,False,False,False,False,False,11,6,18570,2651,0.014907,heldout,wrong_arithmetic,,,,,,,,,,,,
True,A4 Single proposal,A4-matrix_multiply_4x4-s09,matrix_multiply_4x4,medium,9,True,True,True,False,True,11,7,18590,2657,0.014926,,,12950,11075,-14.4812,2264,2365,,36,29.12,,12,13.87,
True,A4 Single proposal,A4-convolution_1d-s00,convolution_1d,medium,0,False,False,False,False,False,11,7,18610,2663,0.014946,heldout,boundary_case,,,,,,,,,,,,
True,A4 Single proposal,A4-convolution_1d-s01,convolution_1d,medium,1,True,True,True,True,False,11,8,18630,2669,0.014965,qualification,constraint_violation,,,,,,,,,,,,
True,A4 Single proposal,A4-convolution_1d-s02,convolution_1d,medium,2,False,False,False,False,False,11,6,18650,2675,0.014984,heldout,interface_mismatch,,,,,,,,,,,,
True,A4 Single proposal,A4-convolution_1d-s03,convolution_1d,medium,3,True,True,True,False,True,11,7,18670,2681,0.015003,,,13150,11415,-13.1919,2271,2176,,39,31.1,,13,13.13,
True,A4 Single proposal,A4-convolution_1d-s04,convolution_1d,medium,4,True,True,True,False,True,11,8,18690,2687,0.015022,,,13200,12616,-4.4247,2282,2414,,36,36.14,,14,12.21,
True,A4 Single proposal,A4-convolution_1d-s05,convolution_1d,medium,5,True,True,True,False,True,11,6,18710,2693,0.015042,,,13250,11608,-12.3931,2293,2660,,37,35.96,,15,14.47,
True,A4 Single proposal,A4-convolution_1d-s06,convolution_1d,medium,6,False,False,False,False,False,11,7,18730,2699,0.015061,heldout,interface_mismatch,,,,,,,,,,,,
True,A4 Single proposal,A4-convolution_1d-s07,convolution_1d,medium,7,False,False,False,False,False,11,8,18750,2705,0.01508,heldout,wrong_arithmetic,,,,,,,,,,,,
True,A4 Single proposal,A4-convolution_1d-s08,convolution_1d,medium,8,True,True,True,False,True,11,6,18770,2711,0.015099,,,13400,12012,-10.3585,2326,2640,,36,33.84,,15,15.14,
True,A4 Single proposal,A4-convolution_1d-s09,convolution_1d,medium,9,False,False,False,False,False,11,7,18790,2717,0.015118,heldout,numerical_tolerance,,,,,,,,,,,,
True,A4 Single proposal,A4-fft8-s00,fft8,hard,0,False,False,False,False,False,11,7,18810,2723,0.015138,heldout,numerical_tolerance,,,,,,,,,,,,
True,A4 Single proposal,A4-fft8-s01,fft8,hard,1,False,False,False,False,False,11,8,18830,2729,0.015157,heldout,interface_mismatch,,,,,,,,,,,,
True,A4 Single proposal,A4-fft8-s02,fft8,hard,2,True,True,False,False,False,11,6,18850,2735,0.015176,qualification,metrics_parse_failure,,,,,,,,,,,,
True,A4 Single proposal,A4-fft8-s03,fft8,hard,3,False,False,False,False,False,11,7,18870,2741,0.015195,heldout,boundary_case,,,,,,,,,,,,
True,A4 Single proposal,A4-fft8-s04,fft8,hard,4,False,False,False,False,False,11,8,18890,2747,0.015214,heldout,numerical_tolerance,,,,,,,,,,,,
True,A4 Single proposal,A4-fft8-s05,fft8,hard,5,True,True,False,False,False,11,6,18910,2753,0.015234,qualification,metrics_parse_failure,,,,,,,,,,,,
True,A4 Single proposal,A4-fft8-s06,fft8,hard,6,True,True,True,False,True,11,7,18930,2759,0.015253,,,13800,13831,0.2279,2377,2631,,39,41.47,,14,13.23,
True,A4 Single proposal,A4-fft8-s07,fft8,hard,7,False,False,False,False,False,11,8,18950,2765,0.015272,heldout,boundary_case,,,,,,,,,,,,
True,A4 Single proposal,A4-fft8-s08,fft8,hard,8,False,False,False,False,False,11,6,18970,2771,0.015291,heldout,numerical_tolerance,,,,,,,,,,,,
True,A4 Single proposal,A4-fft8-s09,fft8,hard,9,False,False,False,False,False,11,7,18990,2777,0.01531,heldout,interface_mismatch,,,,,,,,,,,,
True,A4 Single proposal,A4-sobel_3x3-s00,sobel_3x3,hard,0,True,True,True,False,True,11,7,19010,2783,0.01533,,,14000,10983,-21.5484,2384,2654,,38,33.3,,15,16.7,
True,A4 Single proposal,A4-sobel_3x3-s01,sobel_3x3,hard,1,False,False,False,False,False,11,8,19030,2789,0.015349,heldout,wrong_arithmetic,,,,,,,,,,,,
True,A4 Single proposal,A4-sobel_3x3-s02,sobel_3x3,hard,2,False,False,False,False,False,11,6,19050,2795,0.015368,heldout,boundary_case,,,,,,,,,,,,
True,A4 Single proposal,A4-sobel_3x3-s03,sobel_3x3,hard,3,True,True,True,False,True,11,7,19070,2801,0.015387,,,14150,11757,-16.9117,2417,2862,,41,42.34,,15,16.11,
True,A4 Single proposal,A4-sobel_3x3-s04,sobel_3x3,hard,4,False,False,False,False,False,11,8,19090,2807,0.015406,heldout,interface_mismatch,,,,,,,,,,,,
True,A4 Single proposal,A4-sobel_3x3-s05,sobel_3x3,hard,5,False,False,False,False,False,11,6,19110,2813,0.015426,heldout,wrong_arithmetic,,,,,,,,,,,,
True,A4 Single proposal,A4-sobel_3x3-s06,sobel_3x3,hard,6,False,False,False,False,False,11,7,19130,2819,0.015445,heldout,boundary_case,,,,,,,,,,,,
True,A4 Single proposal,A4-sobel_3x3-s07,sobel_3x3,hard,7,False,False,False,False,False,11,8,19150,2825,0.015464,heldout,numerical_tolerance,,,,,,,,,,,,
True,A4 Single proposal,A4-sobel_3x3-s08,sobel_3x3,hard,8,False,False,False,False,False,11,6,19170,2831,0.015483,heldout,interface_mismatch,,,,,,,,,,,,
True,A4 Single proposal,A4-sobel_3x3-s09,sobel_3x3,hard,9,False,False,False,False,False,11,7,19190,2837,0.015502,heldout,wrong_arithmetic,,,,,,,,,,,,
True,A4 Single proposal,A4-crc32_stream-s00,crc32_stream,hard,0,True,True,True,False,True,11,7,19210,2843,0.015522,,,14500,11548,-20.3568,2457,2859,,39,43.02,,16,16.16,
True,A4 Single proposal,A4-crc32_stream-s01,crc32_stream,hard,1,False,False,False,False,False,11,8,19230,2849,0.015541,heldout,boundary_case,,,,,,,,,,,,
True,A4 Single proposal,A4-crc32_stream-s02,crc32_stream,hard,2,False,False,False,False,False,11,6,19250,2855,0.01556,heldout,numerical_tolerance,,,,,,,,,,,,
True,A4 Single proposal,A4-crc32_stream-s03,crc32_stream,hard,3,False,False,False,False,False,11,7,19270,2861,0.015579,heldout,interface_mismatch,,,,,,,,,,,,
True,A4 Single proposal,A4-crc32_stream-s04,crc32_stream,hard,4,False,False,False,False,False,11,8,19290,2867,0.015598,heldout,wrong_arithmetic,,,,,,,,,,,,
True,A4 Single proposal,A4-crc32_stream-s05,crc32_stream,hard,5,False,False,False,False,False,11,6,19310,2873,0.015618,heldout,boundary_case,,,,,,,,,,,,
True,A4 Single proposal,A4-crc32_stream-s06,crc32_stream,hard,6,True,True,True,False,True,11,7,19330,2879,0.015637,,,14800,11922,-19.4491,2523,2902,,41,44.55,,16,17.58,
True,A4 Single proposal,A4-crc32_stream-s07,crc32_stream,hard,7,False,False,False,False,False,11,8,19350,2885,0.015656,heldout,interface_mismatch,,,,,,,,,,,,
True,A4 Single proposal,A4-crc32_stream-s08,crc32_stream,hard,8,True,True,True,False,True,11,6,19370,2891,0.015675,,,14900,13530,-9.1939,2545,2781,,39,50.25,,18,18.36,
True,A4 Single proposal,A4-crc32_stream-s09,crc32_stream,hard,9,True,True,True,False,True,11,7,19390,2897,0.015694,,,14950,13311,-10.9638,2556,2434,,40,39.29,,16,17.38,
True,A5 Rules,A5-vector_add-s00,vector_add,easy,0,False,False,False,False,False,23,0,0,0,0.0,heldout,wrong_arithmetic,,,,,,,,,,,,
True,A5 Rules,A5-vector_add-s01,vector_add,easy,1,False,False,False,False,False,24,0,0,0,0.0,heldout,boundary_case,,,,,,,,,,,,
True,A5 Rules,A5-vector_add-s02,vector_add,easy,2,True,True,True,False,True,20,0,0,0,0.0,,,10100,7705,-23.711,1822,1705,,32,34.44,,14,14.5,
True,A5 Rules,A5-vector_add-s03,vector_add,easy,3,True,True,True,False,True,21,0,0,0,0.0,,,10150,7856,-22.5971,1833,1846,,33,26.88,,12,11.45,
True,A5 Rules,A5-vector_add-s04,vector_add,easy,4,False,False,False,False,False,22,0,0,0,0.0,heldout,wrong_arithmetic,,,,,,,,,,,,
True,A5 Rules,A5-vector_add-s05,vector_add,easy,5,False,False,False,False,False,22,0,0,0,0.0,heldout,boundary_case,,,,,,,,,,,,
True,A5 Rules,A5-vector_add-s06,vector_add,easy,6,True,True,True,False,True,22,0,0,0,0.0,,,10300,8985,-12.7643,1866,1870,,32,27.39,,12,11.24,
True,A5 Rules,A5-vector_add-s07,vector_add,easy,7,True,True,True,False,True,23,0,0,0,0.0,,,10350,10082,-2.5861,1877,2048,,33,34.86,,13,12.29,
True,A5 Rules,A5-vector_add-s08,vector_add,easy,8,True,True,False,False,False,24,0,0,0,0.0,qualification,metrics_parse_failure,,,,,,,,,,,,
True,A5 Rules,A5-vector_add-s09,vector_add,easy,9,True,True,True,False,True,20,0,0,0,0.0,,,10450,8183,-21.6923,1899,1961,,31,35.15,,12,10.39,
True,A5 Rules,A5-axpy-s00,axpy,easy,0,True,True,True,False,True,24,0,0,0,0.0,,,10500,9063,-13.6857,1873,1872,,31,28.17,,13,12.17,
True,A5 Rules,A5-axpy-s01,axpy,easy,1,False,False,False,False,False,20,0,0,0,0.0,heldout,numerical_tolerance,,,,,,,,,,,,
True,A5 Rules,A5-axpy-s02,axpy,easy,2,False,False,False,False,False,21,0,0,0,0.0,heldout,interface_mismatch,,,,,,,,,,,,
True,A5 Rules,A5-axpy-s03,axpy,easy,3,False,False,False,False,False,22,0,0,0,0.0,heldout,wrong_arithmetic,,,,,,,,,,,,
True,A5 Rules,A5-axpy-s04,axpy,easy,4,False,False,False,False,False,22,0,0,0,0.0,heldout,boundary_case,,,,,,,,,,,,
True,A5 Rules,A5-axpy-s05,axpy,easy,5,True,True,True,False,True,22,0,0,0,0.0,,,10750,7405,-31.113,1928,1977,,32,34.56,,15,13.55,
True,A5 Rules,A5-axpy-s06,axpy,easy,6,False,False,False,False,False,23,0,0,0,0.0,heldout,interface_mismatch,,,,,,,,,,,,
True,A5 Rules,A5-axpy-s07,axpy,easy,7,False,False,False,False,False,24,0,0,0,0.0,heldout,wrong_arithmetic,,,,,,,,,,,,
True,A5 Rules,A5-axpy-s08,axpy,easy,8,False,False,False,False,False,20,0,0,0,0.0,heldout,boundary_case,,,,,,,,,,,,
True,A5 Rules,A5-axpy-s09,axpy,easy,9,False,False,False,False,False,21,0,0,0,0.0,heldout,numerical_tolerance,,,,,,,,,,,,
True,A5 Rules,A5-fir16-s00,fir16,easy,0,False,False,False,False,False,20,0,0,0,0.0,heldout,numerical_tolerance,,,,,,,,,,,,
True,A5 Rules,A5-fir16-s01,fir16,easy,1,True,True,True,True,False,21,0,0,0,0.0,qualification,constraint_violation,,,,,,,,,,,,
True,A5 Rules,A5-fir16-s02,fir16,easy,2,True,True,True,False,True,22,0,0,0,0.0,,,11100,9612,-13.4072,1968,2096,,34,29.79,,16,15.26,
True,A5 Rules,A5-fir16-s03,fir16,easy,3,True,True,True,False,True,22,0,0,0,0.0,,,11150,10399,-6.7387,1979,2028,,35,37.99,,14,14.75,
True,A5 Rules,A5-fir16-s04,fir16,easy,4,True,True,True,False,True,22,0,0,0,0.0,,,11200,8520,-23.925,1990,2077,,32,30.83,,15,14.55,
True,A5 Rules,A5-fir16-s05,fir16,easy,5,True,True,True,False,True,23,0,0,0,0.0,,,11250,11193,-0.5111,2001,2020,,33,30.06,,16,15.56,
True,A5 Rules,A5-fir16-s06,fir16,easy,6,True,True,True,False,True,24,0,0,0,0.0,,,11300,9408,-16.7445,2012,1987,,34,33.15,,14,15.15,
True,A5 Rules,A5-fir16-s07,fir16,easy,7,False,False,False,False,False,20,0,0,0,0.0,heldout,boundary_case,,,,,,,,,,,,
True,A5 Rules,A5-fir16-s08,fir16,easy,8,False,False,False,False,False,21,0,0,0,0.0,heldout,numerical_tolerance,,,,,,,,,,,,
True,A5 Rules,A5-fir16-s09,fir16,easy,9,True,True,True,False,True,22,0,0,0,0.0,,,11450,10642,-7.0573,2045,1960,,33,35.21,,14,14.35,
True,A5 Rules,A5-moving_average-s00,moving_average,medium,0,False,False,False,False,False,21,0,0,0,0.0,heldout,interface_mismatch,,,,,,,,,,,,
True,A5 Rules,A5-moving_average-s01,moving_average,medium,1,True,True,True,False,True,22,0,0,0,0.0,,,11550,7590,-34.2893,2030,2110,,34,29.86,,16,14.96,
True,A5 Rules,A5-moving_average-s02,moving_average,medium,2,False,False,False,False,False,22,0,0,0,0.0,heldout,boundary_case,,,,,,,,,,,,
True,A5 Rules,A5-moving_average-s03,moving_average,medium,3,False,False,False,False,False,22,0,0,0,0.0,heldout,numerical_tolerance,,,,,,,,,,,,
True,A5 Rules,A5-moving_average-s04,moving_average,medium,4,True,False,False,False,False,23,0,0,0,0.0,qualification,c_synthesis_failure,,,,,,,,,,,,
True,A5 Rules,A5-moving_average-s05,moving_average,medium,5,False,False,False,False,False,24,0,0,0,0.0,heldout,wrong_arithmetic,,,,,,,,,,,,
True,A5 Rules,A5-moving_average-s06,moving_average,medium,6,False,False,False,False,False,20,0,0,0,0.0,heldout,boundary_case,,,,,,,,,,,,
True,A5 Rules,A5-moving_average-s07,moving_average,medium,7,False,False,False,False,False,21,0,0,0,0.0,heldout,numerical_tolerance,,,,,,,,,,,,
True,A5 Rules,A5-moving_average-s08,moving_average,medium,8,False,False,False,False,False,22,0,0,0,0.0,heldout,interface_mismatch,,,,,,,,,,,,
True,A5 Rules,A5-moving_average-s09,moving_average,medium,9,True,True,True,False,True,22,0,0,0,0.0,,,11950,9177,-23.2091,2118,2468,,34,31.48,,15,15.28,
True,A5 Rules,A5-dot_product-s00,dot_product,medium,0,False,False,False,False,False,22,0,0,0,0.0,heldout,wrong_arithmetic,,,,,,,,,,,,
True,A5 Rules,A5-dot_product-s01,dot_product,medium,1,True,True,True,False,True,22,0,0,0,0.0,,,12050,11499,-4.5757,2103,2259,,35,41.86,,17,17.31,
True,A5 Rules,A5-dot_product-s02,dot_product,medium,2,True,True,True,False,True,22,0,0,0,0.0,,,12100,10134,-16.2448,2114,2344,,36,31.47,,18,16.35,
True,A5 Rules,A5-dot_product-s03,dot_product,medium,3,False,False,False,False,False,23,0,0,0,0.0,heldout,interface_mismatch,,,,,,,,,,,,
True,A5 Rules,A5-dot_product-s04,dot_product,medium,4,False,False,False,False,False,24,0,0,0,0.0,heldout,wrong_arithmetic,,,,,,,,,,,,
True,A5 Rules,A5-dot_product-s05,dot_product,medium,5,False,False,False,False,False,20,0,0,0,0.0,heldout,boundary_case,,,,,,,,,,,,
True,A5 Rules,A5-dot_product-s06,dot_product,medium,6,False,False,False,False,False,21,0,0,0,0.0,heldout,numerical_tolerance,,,,,,,,,,,,
True,A5 Rules,A5-dot_product-s07,dot_product,medium,7,False,False,False,False,False,22,0,0,0,0.0,heldout,interface_mismatch,,,,,,,,,,,,
True,A5 Rules,A5-dot_product-s08,dot_product,medium,8,False,False,False,False,False,22,0,0,0,0.0,heldout,wrong_arithmetic,,,,,,,,,,,,
True,A5 Rules,A5-dot_product-s09,dot_product,medium,9,False,False,False,False,False,22,0,0,0,0.0,heldout,boundary_case,,,,,,,,,,,,
True,A5 Rules,A5-matrix_multiply_4x4-s00,matrix_multiply_4x4,medium,0,False,False,False,False,False,22,0,0,0,0.0,heldout,boundary_case,,,,,,,,,,,,
True,A5 Rules,A5-matrix_multiply_4x4-s01,matrix_multiply_4x4,medium,1,False,False,False,False,False,22,0,0,0,0.0,heldout,numerical_tolerance,,,,,,,,,,,,
True,A5 Rules,A5-matrix_multiply_4x4-s02,matrix_multiply_4x4,medium,2,False,False,False,False,False,23,0,0,0,0.0,heldout,interface_mismatch,,,,,,,,,,,,
True,A5 Rules,A5-matrix_multiply_4x4-s03,matrix_multiply_4x4,medium,3,False,False,False,False,False,24,0,0,0,0.0,heldout,wrong_arithmetic,,,,,,,,,,,,
True,A5 Rules,A5-matrix_multiply_4x4-s04,matrix_multiply_4x4,medium,4,False,False,False,False,False,20,0,0,0,0.0,heldout,boundary_case,,,,,,,,,,,,
True,A5 Rules,A5-matrix_multiply_4x4-s05,matrix_multiply_4x4,medium,5,True,True,True,False,True,21,0,0,0,0.0,,,12750,10317,-19.0848,2220,2515,,36,30.88,,14,14.52,
True,A5 Rules,A5-matrix_multiply_4x4-s06,matrix_multiply_4x4,medium,6,False,False,False,False,False,22,0,0,0,0.0,heldout,interface_mismatch,,,,,,,,,,,,
True,A5 Rules,A5-matrix_multiply_4x4-s07,matrix_multiply_4x4,medium,7,False,False,False,False,False,22,0,0,0,0.0,heldout,wrong_arithmetic,,,,,,,,,,,,
True,A5 Rules,A5-matrix_multiply_4x4-s08,matrix_multiply_4x4,medium,8,False,False,False,False,False,22,0,0,0,0.0,heldout,boundary_case,,,,,,,,,,,,
True,A5 Rules,A5-matrix_multiply_4x4-s09,matrix_multiply_4x4,medium,9,False,False,False,False,False,23,0,0,0,0.0,heldout,numerical_tolerance,,,,,,,,,,,,
True,A5 Rules,A5-convolution_1d-s00,convolution_1d,medium,0,False,False,False,False,False,22,0,0,0,0.0,heldout,numerical_tolerance,,,,,,,,,,,,
True,A5 Rules,A5-convolution_1d-s01,convolution_1d,medium,1,True,True,True,False,True,23,0,0,0,0.0,,,13050,9838,-24.6107,2249,2425,,37,32.89,,14,13.83,
True,A5 Rules,A5-convolution_1d-s02,convolution_1d,medium,2,True,True,True,False,True,24,0,0,0,0.0,,,13100,10040,-23.36,2260,2258,,38,44.64,,15,16.22,
True,A5 Rules,A5-convolution_1d-s03,convolution_1d,medium,3,False,False,False,False,False,20,0,0,0,0.0,heldout,boundary_case,,,,,,,,,,,,
True,A5 Rules,A5-convolution_1d-s04,convolution_1d,medium,4,False,False,False,False,False,21,0,0,0,0.0,heldout,numerical_tolerance,,,,,,,,,,,,
True,A5 Rules,A5-convolution_1d-s05,convolution_1d,medium,5,True,True,True,False,True,22,0,0,0,0.0,,,13250,10186,-23.1258,2293,2128,,37,35.48,,15,14.35,
True,A5 Rules,A5-convolution_1d-s06,convolution_1d,medium,6,False,False,False,False,False,22,0,0,0,0.0,heldout,wrong_arithmetic,,,,,,,,,,,,
True,A5 Rules,A5-convolution_1d-s07,convolution_1d,medium,7,False,False,False,False,False,22,0,0,0,0.0,heldout,boundary_case,,,,,,,,,,,,
True,A5 Rules,A5-convolution_1d-s08,convolution_1d,medium,8,True,True,True,False,True,23,0,0,0,0.0,,,13400,13474,0.5493,2326,2284,,36,33.92,,15,15.89,
True,A5 Rules,A5-convolution_1d-s09,convolution_1d,medium,9,True,True,True,False,True,24,0,0,0,0.0,,,13450,12137,-9.7586,2337,2378,,37,32.51,,13,12.16,
True,A5 Rules,A5-fft8-s00,fft8,hard,0,False,False,False,False,False,23,0,0,0,0.0,heldout,interface_mismatch,,,,,,,,,,,,
True,A5 Rules,A5-fft8-s01,fft8,hard,1,False,False,False,False,False,24,0,0,0,0.0,heldout,wrong_arithmetic,,,,,,,,,,,,
True,A5 Rules,A5-fft8-s02,fft8,hard,2,False,False,False,False,False,20,0,0,0,0.0,heldout,boundary_case,,,,,,,,,,,,
True,A5 Rules,A5-fft8-s03,fft8,hard,3,True,True,True,False,True,21,0,0,0,0.0,,,13650,10967,-19.6591,2344,2487,,40,39.98,,14,14.96,
True,A5 Rules,A5-fft8-s04,fft8,hard,4,True,True,True,False,True,22,0,0,0,0.0,,,13700,13061,-4.6631,2355,2471,,37,37.32,,15,14.56,
True,A5 Rules,A5-fft8-s05,fft8,hard,5,False,False,False,False,False,22,0,0,0,0.0,heldout,wrong_arithmetic,,,,,,,,,,,,
True,A5 Rules,A5-fft8-s06,fft8,hard,6,False,False,False,False,False,22,0,0,0,0.0,heldout,boundary_case,,,,,,,,,,,,
True,A5 Rules,A5-fft8-s07,fft8,hard,7,False,False,False,False,False,23,0,0,0,0.0,heldout,numerical_tolerance,,,,,,,,,,,,
True,A5 Rules,A5-fft8-s08,fft8,hard,8,False,False,False,False,False,24,0,0,0,0.0,heldout,interface_mismatch,,,,,,,,,,,,
True,A5 Rules,A5-fft8-s09,fft8,hard,9,False,False,False,False,False,20,0,0,0,0.0,heldout,wrong_arithmetic,,,,,,,,,,,,
True,A5 Rules,A5-sobel_3x3-s00,sobel_3x3,hard,0,False,False,False,False,False,24,0,0,0,0.0,heldout,wrong_arithmetic,,,,,,,,,,,,
True,A5 Rules,A5-sobel_3x3-s01,sobel_3x3,hard,1,False,False,False,False,False,20,0,0,0,0.0,heldout,boundary_case,,,,,,,,,,,,
True,A5 Rules,A5-sobel_3x3-s02,sobel_3x3,hard,2,False,False,False,False,False,21,0,0,0,0.0,heldout,numerical_tolerance,,,,,,,,,,,,
True,A5 Rules,A5-sobel_3x3-s03,sobel_3x3,hard,3,False,False,False,False,False,22,0,0,0,0.0,heldout,interface_mismatch,,,,,,,,,,,,
True,A5 Rules,A5-sobel_3x3-s04,sobel_3x3,hard,4,False,False,False,False,False,22,0,0,0,0.0,heldout,wrong_arithmetic,,,,,,,,,,,,
True,A5 Rules,A5-sobel_3x3-s05,sobel_3x3,hard,5,False,False,False,False,False,22,0,0,0,0.0,heldout,boundary_case,,,,,,,,,,,,
True,A5 Rules,A5-sobel_3x3-s06,sobel_3x3,hard,6,False,False,False,False,False,23,0,0,0,0.0,heldout,numerical_tolerance,,,,,,,,,,,,
True,A5 Rules,A5-sobel_3x3-s07,sobel_3x3,hard,7,False,False,False,False,False,24,0,0,0,0.0,heldout,interface_mismatch,,,,,,,,,,,,
True,A5 Rules,A5-sobel_3x3-s08,sobel_3x3,hard,8,False,False,False,False,False,20,0,0,0,0.0,heldout,wrong_arithmetic,,,,,,,,,,,,
True,A5 Rules,A5-sobel_3x3-s09,sobel_3x3,hard,9,True,True,False,False,False,21,0,0,0,0.0,qualification,metrics_parse_failure,,,,,,,,,,,,
True,A5 Rules,A5-crc32_stream-s00,crc32_stream,hard,0,False,False,False,False,False,20,0,0,0,0.0,heldout,boundary_case,,,,,,,,,,,,
True,A5 Rules,A5-crc32_stream-s01,crc32_stream,hard,1,False,False,False,False,False,21,0,0,0,0.0,heldout,numerical_tolerance,,,,,,,,,,,,
True,A5 Rules,A5-crc32_stream-s02,crc32_stream,hard,2,False,False,False,False,False,22,0,0,0,0.0,heldout,interface_mismatch,,,,,,,,,,,,
True,A5 Rules,A5-crc32_stream-s03,crc32_stream,hard,3,False,False,False,False,False,22,0,0,0,0.0,heldout,wrong_arithmetic,,,,,,,,,,,,
True,A5 Rules,A5-crc32_stream-s04,crc32_stream,hard,4,False,False,False,False,False,22,0,0,0,0.0,heldout,boundary_case,,,,,,,,,,,,
True,A5 Rules,A5-crc32_stream-s05,crc32_stream,hard,5,False,False,False,False,False,23,0,0,0,0.0,heldout,numerical_tolerance,,,,,,,,,,,,
True,A5 Rules,A5-crc32_stream-s06,crc32_stream,hard,6,True,True,True,False,True,24,0,0,0,0.0,,,14800,12927,-12.6563,2523,2697,,41,40.08,,16,17.69,
True,A5 Rules,A5-crc32_stream-s07,crc32_stream,hard,7,False,False,False,False,False,20,0,0,0,0.0,heldout,wrong_arithmetic,,,,,,,,,,,,
True,A5 Rules,A5-crc32_stream-s08,crc32_stream,hard,8,False,False,False,False,False,21,0,0,0,0.0,heldout,boundary_case,,,,,,,,,,,,
True,A5 Rules,A5-crc32_stream-s09,crc32_stream,hard,9,True,True,True,False,True,22,0,0,0,0.0,,,14950,13190,-11.7708,2556,2084,,40,38.86,,16,14.29,
